<?xml version="1.0" encoding="iso-8859-1"?>
<!DOCTYPE muclient>
<!-- Saved on Thursday, August 20, 2020, 1:26 PM -->
<!-- MuClient version 5.07-pre -->

<!-- Plugin "Tallimos_Winds_Extras" generated by Plugin Wizard -->

<muclient>
<plugin
   name="Tallimos_Winds_Extras"
   author="Tallimos"
   id="e518b45e68ce472f311048c8"
   language="Lua"
   purpose="Extra Aliases and Triggers for Winds"
   save_state="y"
   date_written="2020-08-20 13:25:13"
   requires="4.36"
   version="1.1"
   >
<description trim="y">
<![CDATA[
Extra Aliases and Triggers for Winds
]]>
</description>

</plugin>

<!--  Get our standard constants -->

<include name="constants.lua"/>

<!--  Triggers  -->

<triggers>
	<trigger
		group="WindsRun"
		match="^\{rname\}Within the Cavern$"
		regexp="y"
		script="NodHynesEnable"
		sequence="100"
		>
	</trigger>
	<trigger
		enabled="y"
		match="^Hynes\, the Giver of Gifts exclaims\, \&quot;Great showing\! You are truly realizing your fate\!\&quot;$"
		regexp="y"
		script="WindsRunUpdateEnable"
		sequence="100"
		>
	</trigger>
	<trigger
		match="^Hynes\, the Giver of Gifts says\, \&quot;Oh my\. Even though you have killed Orittias\, it looks like your work is not yet done\. Please carry on and finish your tasks\.\&quot;$"
		group="WindsRunUpdateTrigs"
		regexp="y"
		script="WindsRunUpdateDisable"
		sequence="100"
		>
	</trigger>
	<trigger
		match="^Hynes\, the Giver of Gifts exclaims\, \&quot;Congratulations, you are simply amazing\! You have achieved such a celebrity status that it just blows my mind\!\&quot;$"
		group="WindsRunUpdateTrigs"
		regexp="y"
		script="WindsRunUpdateDisable"
		sequence="100"
		>
	</trigger>
	<trigger
		match="^You receive (.*?) Fantasy Series Collector\'s Card from Hynes\, the Giver of Gifts\.$"
		group="WindsRunUpdateTrigs"
		regexp="y"
		script="WindsUpdate"
		keep_evaluating="y"
		sequence="100"
		>
	</trigger>
		<trigger
		match="^You receive (\d+) quest points\.$"
		group="WindsRunNodHynes"
		regexp="y"
		script="WindsQuestPoints"
		keep_evaluating="y"
		sequence="100"
		>
	</trigger>
	<trigger
		match="^You carefully place your (.*?) Fantasy Series Collector's Card into (.*?) Case\.$"
		enabled="y"
		regexp="y"
		script="WindsUpdate"
		keep_evaluating="y"
		sequence="100"
		>
	</trigger>  
	<trigger
		enabled="y"
		match="^You have the following cards stored\:$"
		regexp="y"
		script="WindsUpdateEnable"
		keep_evaluating="y"
		sequence="100"
		>
	</trigger>
	<trigger
		match="^Total: (\d+)$"
		regexp="y"
		script="WindsUpdateDisable"
		group="WindsUpdateTrigs"
		keep_evaluating="y"
		sequence="100"
		>
	</trigger>
	<trigger
		match="^(.*?) Fantasy Series Collector\'s Card$"
		regexp="y"
		script="WindsUpdate"
		group="WindsUpdateTrigs"
		keep_evaluating="y"
		sequence="100"
		>
	</trigger>
	<trigger
		enabled="y"
		match="^\s+(?:\(K\) \(Magic\) \(Glow\) \(Hum\)|\(K\)\(M\)\(G\)\(H\)|\(Magic\) \(Glow\) \(Hum\)|\(M\)\(G\)\(H\)|\(Glow\) \(Hum\)|\(G\)\(H\)|\(K\) \(Magic\) \(Glow\) \(Hum\)|\(K\)\(M\)\(G\)\(H\)) (.*?) Fantasy Series Collector's Card \(201\)?$"
		omit_from_output="y"
		regexp="y"
		script="inventory_winds"
		keep_evaluating="y"
		sequence="100"
		>
	</trigger>
	 <trigger
		enabled="y"
		match="^\((.*?)\)\s+(?:\(K\) \(Magic\) \(Glow\) \(Hum\)|\(K\)\(M\)\(G\)\(H\)|\(Magic\) \(Glow\) \(Hum\)|\(M\)\(G\)\(H\)|\(Glow\) \(Hum\)|\(G\)\(H\)|\(K\) \(Magic\) \(Glow\) \(Hum\)|\(K\)\(M\)\(G\)\(H\)) (.*?) Fantasy Series Collector's Card \(201\)?$"
		omit_from_output="y"
		regexp="y"
		script="inventory_winds"
		keep_evaluating="y"
		sequence="100"
		>
	</trigger>
	<trigger
		group="WindsDisable"
		enabled="y"
		match="^\s+(\d+)\s(\w+)\sFantasy Series(.*?)\s+201 (\*| )?G.+$"
		regexp="y"
		script="WindsLBid"
		sequence="100"
		omit_from_output="y"
		>
	</trigger>
	<trigger
		enabled="y"
		match="^([\d ]+) - .+(\w+) Fantasy Series (.+)\s+1\s+.+$"
		omit_from_output="y"
		regexp="y"
		script="WindsAuction"
		sequence="100"
		>
	</trigger>
	 <trigger
		enabled="y"
		match="^Market: (.+ has (proxy )?bid [\d,]+ gold on|Bid of [\d,]+ gold on|.+ is selling) (?<piece>.+) Fantasy Series Collector\'s Card \(Level 201, Num \d+\).?( Auction is for Gold\.)?$"
		omit_from_output="y"
		regexp="y"
		script="selling_winds"
		keep_evaluating="y"
		sequence="100"
		>
	</trigger>
	<trigger
		enabled="y"
		match="^Auction: (.+ has placed a bid for [\d,]+ gold on|.+ is auctioning) (?<piece>.+) Fantasy Series Collector\'s Card \(Level 201, Num \d+\).( Current bid is [\d,]+.)?$"
		omit_from_output="y"
		regexp="y"
		script="selling_winds"
		keep_evaluating="y"
		sequence="100"
		>
	</trigger>  
	<trigger
		group="WindsTimer"
		match="^Nothamil\, a Steward of Time tells you\, \'I am sorry\, (.*?)\, but you cannot adventure here today\. The residual affects of your previous time travel has your core in a state of flux\. It is unfortunate\, but if I allowed you to travel here today, you may feel like you have been nuked\.\'$"
		omit_from_output="y"
		sequence="100"
		regexp="y"
		>
	</trigger>
	<trigger
		group="WindsTimer"
		match="^Nothamil\, a Steward of Time tells you\, \'Fair winds to you\.\'$"
		omit_from_output="y"
		sequence="100"
		regexp="y"
		>
	</trigger>
	<trigger
		group="WindsTimer"
		match="^You tell Nothamil\, a Steward of Time \'timer\'$"
		omit_from_output="y"
		sequence="100"
		regexp="y"
		>
	</trigger>
	<trigger
		group="WindsTimer"
		script="WindsTimerEnd"
		match="^Nothamil\, a Steward of Time tells you\, \'I\'m sorry\, who are you again\? I do not see your name in my records\.\'$"
		omit_from_output="y"
		regexp="y"
		sequence="100"
		>
	</trigger>
	 <trigger
		group="WindsTimer"
		script="WindsTimerLeft"
		match="^Nothamil\, a Steward of Time tells you\, \'However\, I know you can come back soon\, I think it will take about (\d+):(\d+):(\d+) hours\. That sukz\, I know\!\'$"
		omit_from_output="y"
		regexp="y"
		sequence="100"
		>
	</trigger>
	<trigger
		group="WindsTimer"
		script="WindsTimerDisplay"
		match="^An apparition of Kharpern tells you\, \'That is going to be around (\d+):(\d+) on (.*?)\!\'$"
		omit_from_output="y"
		regexp="y"
		sequence="100"
		>	
	</trigger>
</triggers>

<!--  Aliases  -->

<aliases>
	<alias
		match="^windstimer$"
		enabled="y"
		script="CheckWindsTimer"
		sequence="100"
		regexp="y"
		>
	</alias>
	<alias
		match="^windstimer (.*?)$"
		enabled="y"
		script="CheckWindsTimer"
		sequence="100"
		regexp="y"
		>
	</alias>
	<alias
		script="CagedRoom"
		match="^caged$"
		group="WindsRun"
		sequence="100"
		regexp="y"
		>
	</alias>
	<alias
		script="TouchObelisk"
		match="^wto$"
		enabled="y"
		group="Winds"
		sequence="100"
		regexp="y"
		>
	</alias>
	<alias
		script="SearchFloor"
		match="^wsf$"
		group="WindsRun"
		sequence="100"
		regexp="y"
		>
	</alias>
	<alias
		script="ClearBooks"
		match="^wcb$"
		group="WindsRun"
		sequence="100"
		regexp="y"
		>
	</alias>
	<alias
		script="NodHynes"
		match="^wnh$"
		group="WindsRunNodHynes"
		sequence="100"
		regexp="y"
		>
	</alias>
	<alias
		script="CheckWinds"
		match="^(?:checkwinds|wcw)$"
		enabled="y"
		group=""
		sequence="100"
		regexp="y"
		>
	</alias>
	<alias
		script="ClearCase"
		match="^(?:clearcase|wcc) (\d)$"
		enabled="y"
		regexp="y"
		group=""
		sequence="100"
		>
	</alias>
	<alias
		script="CheckDeck"
		match="^(?:checkdeck|cdeck|wcd) ([1-4])$"
		enabled="y"
		regexp="y"
		group=""
		sequence="100"
		>
	</alias>
	<alias
		script="CaseFocus"
		match="^(?:casefocus|wcf) ([1-4])$"
		enabled="y"
		regexp="y"
		group=""
		sequence="100"
		>
	</alias>
	<alias
		script="CaseFocusToggle"
		match="^(?:casefocus|wcf) off$"
		enabled="y"
		regexp="y"
		group=""
		sequence="100"
		>
	</alias>
	<alias
		script="CaseFocusDisplay"
		match="^(?:casefocus|wcf)$"
		enabled="y"
		regexp="y"
		group=""
		sequence="100"
		>
	</alias>
	<alias
		script="MarketEnable"
		match="^wme$"
		enabled="y"
		ignore_case="y"
		regexp="y"
		sequence="200"
		>
	</alias>  

	<alias
		script="twe_help"
		match="^twe help$"
		enabled="y"
		ignore_case="y"
		regexp="y"
		sequence="200"
		>
	</alias>  
</aliases>

<script>
<![CDATA[

require "tprint"
require "mw_theme_base"
require "serialize"
require "commas"
require "gmcphelper"
require "copytable"
require "aardmapper"
require "aard_lua_extras"
require "wait"

local msg_colour      = "lightslategrey"
local err_colour      = "firebrick"
local help_colour     = "lightslategrey"
local qty_colour      = "cyan"
local optional_colour = "lightcoral"
local command_colour  = "white"
local cmd_required    = "royalblue"
local help_command_colour  = "red"

local noteline = "=-=-=-=-=-=-=-=-=-=-=-=-=-=-=-=-=-=-=-=-=-=-=-=-=-=-=-=-=-=-=-=-=-=-=-=-=-=-=-=-=-=-=-=-=-=-=-="
local cline = "......................................................................"

local repchan = "tracker"
local windshours = 0
local windsminutes = 0
local windsseconds = 0
WindsTable = {}
gmcparea = ""
gmcproomid = 0
casefocus = 5
WindsQP = 0

function MarketDisable()
	world.EnableGroup ("WindsDisable", 0)
end -- MarketDisable

function MarketEnable()
	world.EnableGroup ("WindsDisable", 1)
	
end -- MarketEnable

function WindsQuestPoints(name, line, wc)
	local qp = tonumber(wc[1])
	WindsQP = WindsQP + qp
end -- WindsQuestPoints

function CheckWinds()
	SendNoEcho ("lbid -f treasure 201 201")
end -- CheckWinds

function CheckDeck(name, line, wc)
	if wc[1] == nil or wc[1] == "" then
		ColourNote(err_colour, "", "Please choose a deck to display, 1-4")
	else
		local deck = tonumber(wc[1])
		
		if deck == 1 then
			Deck1()
		elseif deck == 2 then
			Deck2()
		elseif deck == 3 then
			Deck3()
		elseif deck == 4 then
			Deck4()
		end
	end
end -- CheckDeck

function Deck1()
	local title = "Case 1 Checklist"
	local title2 = cline
	
	spacing = HelpSpacing(title, title2)
	
	ColourNote(msg_colour, "", spacing, "red", "", "Case ", "yellow", "", "1", "red", "", " Checklist")
	Note("")

	ColourNote("yellow", "", "......................................................................")
	ColourNote("yellow", "", ".   ", "red", "", "o   \\ o /  _ o        __|    \\ /     |__         o _  \\ o /   o   ", "yellow", "", ".")
	ColourNote("yellow", "", ".  ", "red", "", "/|\\    |     /\\   __\\o   \\o    |    o/     o/__   /\\     |    /|\\  ", "yellow", "", ".")
	ColourNote("yellow", "", ".  ", "red", "", "/ \\   / \\   | \\  /) |    ( \\  /o\\  / )    |   (\\  / |   / \\   / \\  ", "yellow", "", ".")
	ColourNote("yellow", "", ".       .......................................................       .")
	ColourNote("yellow", "", ". ", "red", "", "\\ o / ", "yellow", "", ".     ", WindsTable["Alessandrew"]["Color"], "", "Alessandrew      ", WindsTable["Domain"]["Color"], "", "Domain         ", WindsTable["Original"]["Color"], "", "Original        ", "yellow", "", ". ", "red", "", "\\ o / ", "yellow", "", ".")
	ColourNote("yellow", "", ".   ", "red", "", "|   ", "yellow", "", ".                                                     .   ", "red", "", "|   ", "yellow", "", ".")
	ColourNote("yellow", "", ".  ", "red", "", "/ \\  ", "yellow", "", ".     ", WindsTable["Alhena"]["Color"], "", "Alhena           ", WindsTable["Evie"]["Color"], "", "Evie           ", WindsTable["Quadrapus"]["Color"], "", "Quadrapus       ", "yellow", "", ".  ", "red", "", "/ \\  ", "yellow", "", ".")
	ColourNote("yellow", "", ".       .                                                     .       .")
	ColourNote("yellow", "", ".  ", "red", "", "_ o  ", "yellow", "", ".     ", WindsTable["Androg"]["Color"], "", "Androg           ", WindsTable["FatesDagger"]["Color"], "", "FatesDagger    ", WindsTable["Rafaele"]["Color"], "", "Rafaele         ", "yellow", "", ".  ", "red", "", "_ o  ", "yellow", "", ".")
	ColourNote("yellow", "", ".   ", "red", "", "/\\  ", "yellow", "", ".                                                     .   ", "red", "", "/\\  ", "yellow", "", ".")
	ColourNote("yellow", "", ".  ", "red", "", "| \\  ", "yellow", "", ".     ", WindsTable["Ani"]["Color"], "", "Ani              ", WindsTable["Galinthas"]["Color"], "", "Galinthas      ", WindsTable["Rau"]["Color"], "", "Rau             ", "yellow", "", ".  ", "red", "", "| \\  ", "yellow", "", ".")
	ColourNote("yellow", "", ".       .                                                     .       .")
	ColourNote("yellow", "", ".       .     ", WindsTable["Bejito"]["Color"], "", "Bejito           ", WindsTable["Gren"]["Color"], "", "Gren           ", WindsTable["Rezit"]["Color"], "", "Rezit           ", "yellow", "", ".       .")
	ColourNote("yellow", "", ".  ", "red", "", "__\\o ", "yellow", "", ".                                                     .  ", "red", "", "__\\o ", "yellow", "", ".")
	ColourNote("yellow", "", ". ", "red", "", "/) |  ", "yellow", "", ".     ", WindsTable["Blurp"]["Color"], "", "Blurp            ", WindsTable["Hank"]["Color"], "", "Hank           ", WindsTable["Rocky"]["Color"], "", "Rocky           ", "yellow", "", ". ", "red", "", "/) |  ", "yellow", "", ".")
	ColourNote("yellow", "", ".       .                                                     .       .")
 	ColourNote("yellow", "", ". ", "red", "", "__|   ", "yellow", "", ".     ", WindsTable["Bonjour"]["Color"], "", "Bonjour          ", WindsTable["Hiroki"]["Color"], "", "Hiroki         ", WindsTable["Ruiner"]["Color"], "", "Ruiner          ", "yellow", "", ". ", "red", "", "__|   ", "yellow", "", ".")
	ColourNote("yellow", "", ".   ", "red", "", "\\o  ", "yellow", "", ".                                                     .    ", "red", "", "\\o ", "yellow", "", ".")
	ColourNote("yellow", "", ".   ", "red", "", "( \\ ", "yellow", "", ".     ", WindsTable["Cadaver"]["Color"], "", "Cadaver          ", WindsTable["Jennie"]["Color"], "", "Jennie         ", WindsTable["Saartje"]["Color"], "", "Saartje         ", "yellow", "", ".   ", "red", "", "( \\ ", "yellow", "", ".")
	ColourNote("yellow", "", ".       .                                                     .       .")
	ColourNote("yellow", "", ".  ", "red", "", "\\ /  ", "yellow", "", ".     ", WindsTable["Cartman"]["Color"], "", "Cartman          ", WindsTable["Leaf"]["Color"], "", "Leaf           ", WindsTable["Speedster"]["Color"], "", "Speedster       ", "yellow", "", ".  ", "red", "", "\\ /  ", "yellow", "", ".")
	ColourNote("yellow", "", ".   ", "red", "", "|   ", "yellow", "", ".                                                     .   ", "red", "", "|   ", "yellow", "", ".")
	ColourNote("yellow", "", ".  ", "red", "", "/o\\  ", "yellow", "", ".     ", WindsTable["Chuft"]["Color"], "", "Chuft            ", WindsTable["Linoge"]["Color"], "", "Linoge         ", WindsTable["Stormlord"]["Color"], "", "Stormlord       ", "yellow", "", ".  ", "red", "", "/o\\  ", "yellow", "", ".")
	ColourNote("yellow", "", ".       .                                                     .       .")
	ColourNote("yellow", "", ".   ", "red", "", "|__ ", "yellow", "", ".     ", WindsTable["Cordelia"]["Color"], "", "Cordelia         ", WindsTable["Lumina"]["Color"], "", "Lumina         ", WindsTable["Tirica"]["Color"], "", "Tirica          ", "yellow", "", ".   ", "red", "", "|__ ", "yellow", "", ".")
	ColourNote("yellow", "", ". ", "red", "", "o/    ", "yellow", "", ".                                                     . ", "red", "", "o/    ", "yellow", "", ".")
	ColourNote("yellow", "", ".", "red", "", "/ )    ", "yellow", "", ".     ", WindsTable["Craven"]["Color"], "", "Craven           ", WindsTable["Madcatz"]["Color"], "", "Madcatz        ", WindsTable["TrEz"]["Color"], "", "TrEz            ", "yellow", "", ".", "red", "", "/ )    ", "yellow", "", ".")
	ColourNote("yellow", "", ".       .                                                     .       .")
	ColourNote("yellow", "", ".       .     ", WindsTable["Curi"]["Color"], "", "Curi             ", WindsTable["Madrox"]["Color"], "", "Madrox         ", WindsTable["Trollemite"]["Color"], "", "Trollemite      ", "yellow", "", ".       .")
	ColourNote("yellow", "", ". ", "red", "", "o/__  ", "yellow", "", ".                                                     . ", "red", "", "o/__  ", "yellow", "", ".")
	ColourNote("yellow", "", ".  ", "red", "", "| (\\ ", "yellow", "", ".     ", WindsTable["Dagonet"]["Color"], "", "Dagonet          ", WindsTable["Majic"]["Color"], "", "Majic          ", WindsTable["Vanion"]["Color"], "", "Vanion          ", "yellow", "", ". ", "red", "", "|  (\\ ", "yellow", "", ".")
	ColourNote("yellow", "", ".       .                                                     .       .")
	ColourNote("yellow", "", ".  ", "red", "", "o _  ", "yellow", "", ".     ", WindsTable["Dave"]["Color"], "", "Dave             ", WindsTable["Marauder"]["Color"], "", "Marauder       ", WindsTable["Whisper"]["Color"], "", "Whisper         ", "yellow", "", ".  ", "red", "", "o _  ", "yellow", "", ".")
	ColourNote("yellow", "", ".  ", "red", "", "/\\   ", "yellow", "", ".                                                     .  ", "red", "", "/\\   ", "yellow", "", ".")
	ColourNote("yellow", "", ".  ", "red", "", "/ |  ", "yellow", "", ".     ", WindsTable["Demonspawn"]["Color"], "", "Demonspawn       ", WindsTable["Marc"]["Color"], "", "Marc           ", WindsTable["Wojmil"]["Color"], "", "Wojmil          ", "yellow", "", ".  ", "red", "", "/ |  ", "yellow", "", ".")
	ColourNote("yellow", "", ".       .                                                     .       .")
	ColourNote("yellow", "", ".       .     ", WindsTable["Dereliction"]["Color"], "", "Dereliction      ", WindsTable["Moolb"]["Color"], "", "Moolb          ", WindsTable["Yowza"]["Color"], "", "Yowza           ", "yellow", "", ".       .")
	ColourNote("yellow", "", ". ", "red", "", "\\ o / ", "yellow", "", ".                                                     . ", "red", "", "\\ o / ", "yellow", "", ".")
	ColourNote("yellow", "", ".   ", "red", "", "|   ", "yellow", "", ".     ", WindsTable["Dexter"]["Color"], "", "Dexter           ", WindsTable["Ninja"]["Color"], "", "Ninja          ", WindsTable["Zolstead"]["Color"], "", "Zolstead        ", "yellow", "", ".   ", "red", "", "|   ", "yellow", "", ".")
	ColourNote("yellow", "", ".  ", "red", "", "/ \\  ", "yellow", "", ".                                                     .  ", "red", "", "/ \\  ", "yellow", "", ".")
	ColourNote("yellow", "", ".       .     ", WindsTable["DjVoltron"]["Color"], "", "DjVoltron        ", WindsTable["Oladon"]["Color"], "", "Oladon                         ", "yellow", "", ".       .")
	ColourNote("yellow", "", ".       .......................................................       .")
	ColourNote("yellow", "", ".   ", "red", "", "o   \\ o /  _ o        __|    \\ /     |__         o _  \\ o /   o   ", "yellow", "", ".")
	ColourNote("yellow", "", ".  ", "red", "", "/|\\    |     /\\   __\\o   \\o    |    o/     o/__   /\\     |    /|\\  ", "yellow", "", ".")
	ColourNote("yellow", "", ".  ", "red", "", "/ \\   / \\   | \\  /) |    ( \\  /o\\  / )    |   (\\  / |   / \\   / \\  ", "yellow", "", ".")
	ColourNote("yellow", "", "......................................................................")
end -- Deck1

function Deck2()
	local title = "Case 2 Checklist"
	local title2 = cline
	
	spacing = HelpSpacing(title, title2)
	
	ColourNote(msg_colour, "", spacing, "red", "", "Case ", "yellow", "", "2", "red", "", " Checklist")
	Note("")

	ColourNote("yellow", "", "......................................................................")
	ColourNote("yellow", "", ".   ", "red", "", "o   \\ o /  _ o        __|    \\ /     |__         o _  \\ o /   o   ", "yellow", "", ".")
	ColourNote("yellow", "", ".  ", "red", "", "/|\\    |     /\\   __\\o   \\o    |    o/     o/__   /\\     |    /|\\  ", "yellow", "", ".")
	ColourNote("yellow", "", ".  ", "red", "", "/ \\   / \\   | \\  /) |    ( \\  /o\\  / )    |   (\\  / |   / \\   / \\  ", "yellow", "", ".")
	ColourNote("yellow", "", ".       .......................................................       .")
	ColourNote("yellow", "", ". ", "red", "", "\\ o / ", "yellow", "", ".     ", WindsTable["Abelinc"]["Color"], "", "Abelinc          ", WindsTable["Icecool"]["Color"], "", "Icecool        ", WindsTable["Pumpkin"]["Color"], "", "Pumpkin         ", "yellow", "", ". ", "red", "", "\\ o / ", "yellow", "", ".")
	ColourNote("yellow", "", ".   ", "red", "", "|   ", "yellow", "", ".                                                     .   ", "red", "", "|   ", "yellow", "", ".")
	ColourNote("yellow", "", ".  ", "red", "", "/ \\  ", "yellow", "", ".     ", WindsTable["Adam"]["Color"], "", "Adam             ", WindsTable["Iceman"]["Color"], "", "Iceman         ", WindsTable["Razor"]["Color"], "", "Razor           ", "yellow", "", ".  ", "red", "", "/ \\  ", "yellow", "", ".")
	ColourNote("yellow", "", ".       .                                                     .       .")
	ColourNote("yellow", "", ".  ", "red", "", "_ o  ", "yellow", "", ".     ", WindsTable["Arist"]["Color"], "", "Arist            ", WindsTable["Ixultar"]["Color"], "", "Ixultar        ", WindsTable["Redryn"]["Color"], "", "Redryn          ", "yellow", "", ".  ", "red", "", "_ o  ", "yellow", "", ".")
	ColourNote("yellow", "", ".   ", "red", "", "/\\  ", "yellow", "", ".                                                     .   ", "red", "", "/\\  ", "yellow", "", ".")
	ColourNote("yellow", "", ".  ", "red", "", "| \\  ", "yellow", "", ".     ", WindsTable["Baktosh"]["Color"], "", "Baktosh          ", WindsTable["Koala"]["Color"], "", "Koala          ", WindsTable["Robbo"]["Color"], "", "Robbo           ", "yellow", "", ".  ", "red", "", "| \\  ", "yellow", "", ".")
	ColourNote("yellow", "", ".       .                                                     .       .")
	ColourNote("yellow", "", ".       .     ", WindsTable["Blug"]["Color"], "", "Blug             ", WindsTable["Kya"]["Color"], "", "Kya            ", WindsTable["Rojaz"]["Color"], "", "Rojaz           ", "yellow", "", ".       .")
	ColourNote("yellow", "", ".  ", "red", "", "__\\o ", "yellow", "", ".                                                     .  ", "red", "", "__\\o ", "yellow", "", ".")
	ColourNote("yellow", "", ". ", "red", "", "/) |  ", "yellow", "", ".     ", WindsTable["Blunt"]["Color"], "", "Blunt            ", WindsTable["Level"]["Color"], "", "Level          ", WindsTable["Slith"]["Color"], "", "Slith           ", "yellow", "", ". ", "red", "", "/) |  ", "yellow", "", ".")
	ColourNote("yellow", "", ".       .                                                     .       .")
 	ColourNote("yellow", "", ". ", "red", "", "__|   ", "yellow", "", ".     ", WindsTable["Chich"]["Color"], "", "Chich            ", WindsTable["Liber"]["Color"], "", "Liber          ", WindsTable["SonRokito"]["Color"], "", "SonRokito       ", "yellow", "", ". ", "red", "", "__|   ", "yellow", "", ".")
	ColourNote("yellow", "", ".   ", "red", "", "\\o  ", "yellow", "", ".                                                     .    ", "red", "", "\\o ", "yellow", "", ".")
	ColourNote("yellow", "", ".   ", "red", "", "( \\ ", "yellow", "", ".     ", WindsTable["Corliss"]["Color"], "", "Corliss          ", WindsTable["Mars"]["Color"], "", "Mars           ", WindsTable["Tinada"]["Color"], "", "Tinada          ", "yellow", "", ".   ", "red", "", "( \\ ", "yellow", "", ".")
	ColourNote("yellow", "", ".       .                                                     .       .")
	ColourNote("yellow", "", ".  ", "red", "", "\\ /  ", "yellow", "", ".     ", WindsTable["Dachande"]["Color"], "", "Dachande         ", WindsTable["Mendaloth"]["Color"], "", "Mendaloth      ", WindsTable["Trachx"]["Color"], "", "Trachx          ", "yellow", "", ".  ", "red", "", "\\ /  ", "yellow", "", ".")
	ColourNote("yellow", "", ".   ", "red", "", "|   ", "yellow", "", ".                                                     .   ", "red", "", "|   ", "yellow", "", ".")
	ColourNote("yellow", "", ".  ", "red", "", "/o\\  ", "yellow", "", ".     ", WindsTable["Danj"]["Color"], "", "Danj             ", WindsTable["Milquetoast"]["Color"], "", "Milquetoast    ", WindsTable["Trurien"]["Color"], "", "Trurien         ", "yellow", "", ".  ", "red", "", "/o\\  ", "yellow", "", ".")
	ColourNote("yellow", "", ".       .                                                     .       .")
	ColourNote("yellow", "", ".   ", "red", "", "|__ ", "yellow", "", ".     ", WindsTable["Deadman"]["Color"], "", "Deadman          ", WindsTable["Mique"]["Color"], "", "Mique          ", WindsTable["Turie"]["Color"], "", "Turie           ", "yellow", "", ".   ", "red", "", "|__ ", "yellow", "", ".")
	ColourNote("yellow", "", ". ", "red", "", "o/    ", "yellow", "", ".                                                     . ", "red", "", "o/    ", "yellow", "", ".")
	ColourNote("yellow", "", ".", "red", "", "/ )    ", "yellow", "", ".     ", WindsTable["Delgar"]["Color"], "", "Delgar           ", WindsTable["Mirrim"]["Color"], "", "Mirrim         ", WindsTable["Tzitzimime"]["Color"], "", "Tzitzimime      ", "yellow", "", ".", "red", "", "/ )    ", "yellow", "", ".")
	ColourNote("yellow", "", ".       .                                                     .       .")
	ColourNote("yellow", "", ".       .     ", WindsTable["Dexx"]["Color"], "", "Dexx             ", WindsTable["Moradin"]["Color"], "", "Moradin        ", WindsTable["Unforgiven"]["Color"], "", "Unforgiven      ", "yellow", "", ".       .")
	ColourNote("yellow", "", ". ", "red", "", "o/__  ", "yellow", "", ".                                                     . ", "red", "", "o/__  ", "yellow", "", ".")
	ColourNote("yellow", "", ".  ", "red", "", "| (\\ ", "yellow", "", ".     ", WindsTable["Edit"]["Color"], "", "Edit             ", WindsTable["Morn"]["Color"], "", "Morn           ", WindsTable["Wars"]["Color"], "", "Wars            ", "yellow", "", ". ", "red", "", "|  (\\ ", "yellow", "", ".")
	ColourNote("yellow", "", ".       .                                                     .       .")
	ColourNote("yellow", "", ".  ", "red", "", "o _  ", "yellow", "", ".     ", WindsTable["Erikson"]["Color"], "", "Erikson          ", WindsTable["Nasus"]["Color"], "", "Nasus          ", WindsTable["Whitdjinn"]["Color"], "", "Whitdjinn       ", "yellow", "", ".  ", "red", "", "o _  ", "yellow", "", ".")
	ColourNote("yellow", "", ".  ", "red", "", "/\\   ", "yellow", "", ".                                                     .  ", "red", "", "/\\   ", "yellow", "", ".")
	ColourNote("yellow", "", ".  ", "red", "", "/ |  ", "yellow", "", ".     ", WindsTable["Fetard"]["Color"], "", "Fetard           ", WindsTable["Nocilis"]["Color"], "", "Nocilis        ", WindsTable["Wire"]["Color"], "", "Wire            ", "yellow", "", ".  ", "red", "", "/ |  ", "yellow", "", ".")
	ColourNote("yellow", "", ".       .                                                     .       .")
	ColourNote("yellow", "", ".       .     ", WindsTable["Fiendish"]["Color"], "", "Fiendish         ", WindsTable["Paipals"]["Color"], "", "Paipals        ", WindsTable["Zengo"]["Color"], "", "Zengo           ", "yellow", "", ".       .")
	ColourNote("yellow", "", ". ", "red", "", "\\ o / ", "yellow", "", ".                                                     . ", "red", "", "\\ o / ", "yellow", "", ".")
	ColourNote("yellow", "", ".   ", "red", "", "|   ", "yellow", "", ".     ", WindsTable["Freddie"]["Color"], "", "Freddie          ", WindsTable["Pleiades"]["Color"], "", "Pleiades       ", WindsTable["Zoot"]["Color"], "", "Zoot            ", "yellow", "", ".   ", "red", "", "|   ", "yellow", "", ".")
	ColourNote("yellow", "", ".  ", "red", "", "/ \\  ", "yellow", "", ".                                                     .  ", "red", "", "/ \\  ", "yellow", "", ".")
	ColourNote("yellow", "", ".       .     ", WindsTable["Gastro"]["Color"], "", "Gastro           ", WindsTable["Portia"]["Color"], "", "Portia                         ", "yellow", "", ".       .")
	ColourNote("yellow", "", ".       .......................................................       .")
	ColourNote("yellow", "", ".   ", "red", "", "o   \\ o /  _ o        __|    \\ /     |__         o _  \\ o /   o   ", "yellow", "", ".")
	ColourNote("yellow", "", ".  ", "red", "", "/|\\    |     /\\   __\\o   \\o    |    o/     o/__   /\\     |    /|\\  ", "yellow", "", ".")
	ColourNote("yellow", "", ".  ", "red", "", "/ \\   / \\   | \\  /) |    ( \\  /o\\  / )    |   (\\  / |   / \\   / \\  ", "yellow", "", ".")
	ColourNote("yellow", "", "......................................................................")
end -- Deck2

function Deck3()
	local title = "Case 3 Checklist"
	local title2 = cline
	
	spacing = HelpSpacing(title, title2)
	
	ColourNote(msg_colour, "", spacing, "red", "", "Case ", "yellow", "", "3", "red", "", " Checklist")
	Note("")

	ColourNote("yellow", "", "......................................................................")
	ColourNote("yellow", "", ".   ", "red", "", "o   \\ o /  _ o        __|    \\ /     |__         o _  \\ o /   o   ", "yellow", "", ".")
	ColourNote("yellow", "", ".  ", "red", "", "/|\\    |     /\\   __\\o   \\o    |    o/     o/__   /\\     |    /|\\  ", "yellow", "", ".")
	ColourNote("yellow", "", ".  ", "red", "", "/ \\   / \\   | \\  /) |    ( \\  /o\\  / )    |   (\\  / |   / \\   / \\  ", "yellow", "", ".")
	ColourNote("yellow", "", ".       .......................................................       .")
	ColourNote("yellow", "", ". ", "red", "", "\\ o / ", "yellow", "", ".     ", WindsTable["Aisis"]["Color"], "", "Aisis            ", WindsTable["Gangar"]["Color"], "", "Gangar         ", WindsTable["Orsiphantes"]["Color"], "", "Orsiphantes     ", "yellow", "", ". ", "red", "", "\\ o / ", "yellow", "", ".")
	ColourNote("yellow", "", ".   ", "red", "", "|   ", "yellow", "", ".                                                     .   ", "red", "", "|   ", "yellow", "", ".")
	ColourNote("yellow", "", ".  ", "red", "", "/ \\  ", "yellow", "", ".     ", WindsTable["Andersen"]["Color"], "", "Andersen         ", WindsTable["Ghaan"]["Color"], "", "Ghaan          ", WindsTable["Pane"]["Color"], "", "Pane            ", "yellow", "", ".  ", "red", "", "/ \\  ", "yellow", "", ".")
	ColourNote("yellow", "", ".       .                                                     .       .")
	ColourNote("yellow", "", ".  ", "red", "", "_ o  ", "yellow", "", ".     ", WindsTable["Arius"]["Color"], "", "Arius            ", WindsTable["Glimmer"]["Color"], "", "Glimmer        ", WindsTable["Psychopath"]["Color"], "", "Psychopath      ", "yellow", "", ".  ", "red", "", "_ o  ", "yellow", "", ".")
	ColourNote("yellow", "", ".   ", "red", "", "/\\  ", "yellow", "", ".                                                     .   ", "red", "", "/\\  ", "yellow", "", ".")
	ColourNote("yellow", "", ".  ", "red", "", "| \\  ", "yellow", "", ".     ", WindsTable["Arthon"]["Color"], "", "Arthon           ", WindsTable["Halo"]["Color"], "", "Halo           ", WindsTable["Roell"]["Color"], "", "Roell           ", "yellow", "", ".  ", "red", "", "| \\  ", "yellow", "", ".")
	ColourNote("yellow", "", ".       .                                                     .       .")
	ColourNote("yellow", "", ".       .     ", WindsTable["Barchetta"]["Color"], "", "Barchetta        ", WindsTable["Ikyu"]["Color"], "", "Ikyu           ", WindsTable["Sarlock"]["Color"], "", "Sarlock         ", "yellow", "", ".       .")
	ColourNote("yellow", "", ".  ", "red", "", "__\\o ", "yellow", "", ".                                                     .  ", "red", "", "__\\o ", "yellow", "", ".")
	ColourNote("yellow", "", ". ", "red", "", "/) |  ", "yellow", "", ".     ", WindsTable["Barid"]["Color"], "", "Barid            ", WindsTable["Jaenelle"]["Color"], "", "Jaenelle       ", WindsTable["Senja"]["Color"], "", "Senja           ", "yellow", "", ". ", "red", "", "/) |  ", "yellow", "", ".")
	ColourNote("yellow", "", ".       .                                                     .       .")
 	ColourNote("yellow", "", ". ", "red", "", "__|   ", "yellow", "", ".     ", WindsTable["Belmont"]["Color"], "", "Belmont          ", WindsTable["Jernau"]["Color"], "", "Jernau         ", WindsTable["ShadowFax"]["Color"], "", "ShadowFax       ", "yellow", "", ". ", "red", "", "__|   ", "yellow", "", ".")
	ColourNote("yellow", "", ".   ", "red", "", "\\o  ", "yellow", "", ".                                                     .    ", "red", "", "\\o ", "yellow", "", ".")
	ColourNote("yellow", "", ".   ", "red", "", "( \\ ", "yellow", "", ".     ", WindsTable["Breeze"]["Color"], "", "Breeze           ", WindsTable["Juli"]["Color"], "", "Juli           ", WindsTable["Songbird"]["Color"], "", "Songbird        ", "yellow", "", ".   ", "red", "", "( \\ ", "yellow", "", ".")
	ColourNote("yellow", "", ".       .                                                     .       .")
	ColourNote("yellow", "", ".  ", "red", "", "\\ /  ", "yellow", "", ".     ", WindsTable["Candace"]["Color"], "", "Candace          ", WindsTable["Kaitlyn"]["Color"], "", "Kaitlyn        ", WindsTable["Synthesizer"]["Color"], "", "Synthesizer     ", "yellow", "", ".  ", "red", "", "\\ /  ", "yellow", "", ".")
	ColourNote("yellow", "", ".   ", "red", "", "|   ", "yellow", "", ".                                                     .   ", "red", "", "|   ", "yellow", "", ".")
	ColourNote("yellow", "", ".  ", "red", "", "/o\\  ", "yellow", "", ".     ", WindsTable["Cerridwen"]["Color"], "", "Cerridwen        ", WindsTable["Khelda"]["Color"], "", "Khelda         ", WindsTable["Tallie"]["Color"], "", "Tallie          ", "yellow", "", ".  ", "red", "", "/o\\  ", "yellow", "", ".")
	ColourNote("yellow", "", ".       .                                                     .       .")
	ColourNote("yellow", "", ".   ", "red", "", "|__ ", "yellow", "", ".     ", WindsTable["Confusion"]["Color"], "", "Confusion        ", WindsTable["Kinson"]["Color"], "", "Kinson         ", WindsTable["Terrill"]["Color"], "", "Terrill         ", "yellow", "", ".   ", "red", "", "|__ ", "yellow", "", ".")
	ColourNote("yellow", "", ". ", "red", "", "o/    ", "yellow", "", ".                                                     . ", "red", "", "o/    ", "yellow", "", ".")
	ColourNote("yellow", "", ".", "red", "", "/ )    ", "yellow", "", ".     ", WindsTable["DagasWolf"]["Color"], "", "DagasWolf        ", WindsTable["Kt"]["Color"], "", "Kt             ", WindsTable["Thirstan"]["Color"], "", "Thirstan        ", "yellow", "", ".", "red", "", "/ )    ", "yellow", "", ".")
	ColourNote("yellow", "", ".       .                                                     .       .")
	ColourNote("yellow", "", ".       .     ", WindsTable["Delight"]["Color"], "", "Delight          ", WindsTable["Lamoxes"]["Color"], "", "Lamoxes        ", WindsTable["Tripitaka"]["Color"], "", "Tripitaka       ", "yellow", "", ".       .")
	ColourNote("yellow", "", ". ", "red", "", "o/__  ", "yellow", "", ".                                                     . ", "red", "", "o/__  ", "yellow", "", ".")
	ColourNote("yellow", "", ".  ", "red", "", "| (\\ ", "yellow", "", ".     ", WindsTable["Dhamon"]["Color"], "", "Dhamon           ", WindsTable["Llarian"]["Color"], "", "Llarian        ", WindsTable["Tyanon"]["Color"], "", "Tyanon          ", "yellow", "", ". ", "red", "", "|  (\\ ", "yellow", "", ".")
	ColourNote("yellow", "", ".       .                                                     .       .")
	ColourNote("yellow", "", ".  ", "red", "", "o _  ", "yellow", "", ".     ", WindsTable["Dirtworm"]["Color"], "", "Dirtworm         ", WindsTable["Martin"]["Color"], "", "Martin         ", WindsTable["Tymme"]["Color"], "", "Tymme           ", "yellow", "", ".  ", "red", "", "o _  ", "yellow", "", ".")
	ColourNote("yellow", "", ".  ", "red", "", "/\\   ", "yellow", "", ".                                                     .  ", "red", "", "/\\   ", "yellow", "", ".")
	ColourNote("yellow", "", ".  ", "red", "", "/ |  ", "yellow", "", ".     ", WindsTable["Eclaboussure"]["Color"], "", "Eclaboussure     ", WindsTable["Metallica"]["Color"], "", "Metallica      ", WindsTable["Uncival"]["Color"], "", "Uncival         ", "yellow", "", ".  ", "red", "", "/ |  ", "yellow", "", ".")
	ColourNote("yellow", "", ".       .                                                     .       .")
	ColourNote("yellow", "", ".       .     ", WindsTable["Euphonix"]["Color"], "", "Euphonix         ", WindsTable["Mordist"]["Color"], "", "Mordist        ", WindsTable["Wolfe"]["Color"], "", "Wolfe           ", "yellow", "", ".       .")
	ColourNote("yellow", "", ". ", "red", "", "\\ o / ", "yellow", "", ".                                                     . ", "red", "", "\\ o / ", "yellow", "", ".")
	ColourNote("yellow", "", ".   ", "red", "", "|   ", "yellow", "", ".     ", WindsTable["FieryFlame"]["Color"], "", "FieryFlame       ", WindsTable["Natallia"]["Color"], "", "Natallia       ", WindsTable["Xantcha"]["Color"], "", "Xantcha         ", "yellow", "", ".   ", "red", "", "|   ", "yellow", "", ".")
	ColourNote("yellow", "", ".  ", "red", "", "/ \\  ", "yellow", "", ".                                                     .  ", "red", "", "/ \\  ", "yellow", "", ".")
	ColourNote("yellow", "", ".       .     ", WindsTable["Filt"]["Color"], "", "Filt             ", WindsTable["Neeper"]["Color"], "", "Neeper                         ", "yellow", "", ".       .")
	ColourNote("yellow", "", ".       .......................................................       .")
	ColourNote("yellow", "", ".   ", "red", "", "o   \\ o /  _ o        __|    \\ /     |__         o _  \\ o /   o   ", "yellow", "", ".")
	ColourNote("yellow", "", ".  ", "red", "", "/|\\    |     /\\   __\\o   \\o    |    o/     o/__   /\\     |    /|\\  ", "yellow", "", ".")
	ColourNote("yellow", "", ".  ", "red", "", "/ \\   / \\   | \\  /) |    ( \\  /o\\  / )    |   (\\  / |   / \\   / \\  ", "yellow", "", ".")
	ColourNote("yellow", "", "......................................................................")
end -- Deck3

function Deck4()
	local title = "Case 4 Checklist"
	local title2 = cline
	
	spacing = HelpSpacing(title, title2)
	
	ColourNote(msg_colour, "", spacing, "red", "", "Case ", "yellow", "", "4", "red", "", " Checklist")
	Note("")

	ColourNote("yellow", "", "......................................................................")
	ColourNote("yellow", "", ".   ", "red", "", "o   \\ o /  _ o        __|    \\ /     |__         o _  \\ o /   o   ", "yellow", "", ".")
	ColourNote("yellow", "", ".  ", "red", "", "/|\\    |     /\\   __\\o   \\o    |    o/     o/__   /\\     |    /|\\  ", "yellow", "", ".")
	ColourNote("yellow", "", ".  ", "red", "", "/ \\   / \\   | \\  /) |    ( \\  /o\\  / )    |   (\\  / |   / \\   / \\  ", "yellow", "", ".")
	ColourNote("yellow", "", ".       .......................................................       .")
	ColourNote("yellow", "", ". ", "red", "", "\\ o / ", "yellow", "", ".     ", WindsTable["Althalus"]["Color"], "", "Althalus         ", WindsTable["Kalince"]["Color"], "", "Kalince        ", WindsTable["Sagen"]["Color"], "", "Sagen           . ", "red", "", "\\ o / ", "yellow", "", ".")
	ColourNote("yellow", "", ".   ", "red", "", "|   ", "yellow", "", ".                                                     .   ", "red", "", "|   ", "yellow", "", ".")
	ColourNote("yellow", "", ".  ", "red", "", "/ \\  ", "yellow", "", ".     ", WindsTable["Anaristos"]["Color"], "", "Anaristos        ", WindsTable["Kharpern"]["Color"], "", "Kharpern       ", WindsTable["Sirene"]["Color"], "", "Sirene          ", "yellow", "", ".  ", "red", "", "/ \\  ", "yellow", "", ".")
	ColourNote("yellow", "", ".       .                                                     .       .")
	ColourNote("yellow", "", ".  ", "red", "", "_ o  ", "yellow", "", ".     ", WindsTable["Baejita"]["Color"], "", "Baejita          ", WindsTable["Korridel"]["Color"], "", "Korridel       ", WindsTable["Skarren"]["Color"], "", "Skarren         ", "yellow", "", ".  ", "red", "", "_ o  ", "yellow", "", ".")
	ColourNote("yellow", "", ".   ", "red", "", "/\\  ", "yellow", "", ".                                                     .   ", "red", "", "/\\  ", "yellow", "", ".")
	ColourNote("yellow", "", ".  ", "red", "", "| \\  ", "yellow", "", ".     ", WindsTable["Banichi"]["Color"], "", "Banichi          ", WindsTable["Laren"]["Color"], "", "Laren          ", WindsTable["Styliann"]["Color"], "", "Styliann        ", "yellow", "", ".  ", "red", "", "| \\  ", "yellow", "", ".")
	ColourNote("yellow", "", ".       .                                                     .       .")
	ColourNote("yellow", "", ".       .     ", WindsTable["Broud"]["Color"], "", "Broud            ", WindsTable["Lao"]["Color"], "", "Lao            ", WindsTable["Sunset"]["Color"], "", "Sunset          ", "yellow", "", ".       .")
	ColourNote("yellow", "", ".  ", "red", "", "__\\o ", "yellow", "", ".                                                     .  ", "red", "", "__\\o ", "yellow", "", ".")
	ColourNote("yellow", "", ". ", "red", "", "/) |  ", "yellow", "", ".     ", WindsTable["Cassin"]["Color"], "", "Cassin           ", WindsTable["Lasher"]["Color"], "", "Lasher         ", WindsTable["Sylvain"]["Color"], "", "Sylvain         ", "yellow", "", ". ", "red", "", "/) |  ", "yellow", "", ".")
	ColourNote("yellow", "", ".       .                                                     .       .")
 	ColourNote("yellow", "", ". ", "red", "", "__|   ", "yellow", "", ".     ", WindsTable["Citron"]["Color"], "", "Citron           ", WindsTable["Maerchyng"]["Color"], "", "Maerchyng      ", WindsTable["Tela"]["Color"], "", "Tela            ", "yellow", "", ". ", "red", "", "__|   ", "yellow", "", ".")
	ColourNote("yellow", "", ".   ", "red", "", "\\o  ", "yellow", "", ".                                                     .    ", "red", "", "\\o ", "yellow", "", ".")
	ColourNote("yellow", "", ".   ", "red", "", "( \\ ", "yellow", "", ".     ", WindsTable["Claire"]["Color"], "", "Claire           ", WindsTable["Marcon"]["Color"], "", "Marcon         ", WindsTable["Tenchi"]["Color"], "", "Tenchi          ", "yellow", "", ".   ", "red", "", "( \\ ", "yellow", "", ".")
	ColourNote("yellow", "", ".       .                                                     .       .")
	ColourNote("yellow", "", ".  ", "red", "", "\\ /  ", "yellow", "", ".     ", WindsTable["Cynic"]["Color"], "", "Cynic            ", WindsTable["Mashai"]["Color"], "", "Mashai         ", WindsTable["Teoyaomqui"]["Color"], "", "Teoyaomqui      ", "yellow", "", ".  ", "red", "", "\\ /  ", "yellow", "", ".")
	ColourNote("yellow", "", ".   ", "red", "", "|   ", "yellow", "", ".                                                     .   ", "red", "", "|   ", "yellow", "", ".")
	ColourNote("yellow", "", ".  ", "red", "", "/o\\  ", "yellow", "", ".     ", WindsTable["Dadrake"]["Color"], "", "Dadrake          ", WindsTable["Methdemon"]["Color"], "", "Methdemon      ", WindsTable["Testasterone"]["Color"], "", "Testasterone    ", "yellow", "", ".  ", "red", "", "/o\\  ", "yellow", "", ".")
	ColourNote("yellow", "", ".       .                                                     .       .")
	ColourNote("yellow", "", ".   ", "red", "", "|__ ", "yellow", "", ".     ", WindsTable["Darkmoore"]["Color"], "", "Darkmoore        ", WindsTable["Moons"]["Color"], "", "Moons          ", WindsTable["Timeghost"]["Color"], "", "Timeghost       ", "yellow", "", ".   ", "red", "", "|__ ", "yellow", "", ".")
	ColourNote("yellow", "", ". ", "red", "", "o/    ", "yellow", "", ".                                                     . ", "red", "", "o/    ", "yellow", "", ".")
	ColourNote("yellow", "", ".", "red", "", "/ )    ", "yellow", "", ".     ", WindsTable["Dreamfyre"]["Color"], "", "Dreamfyre        ", WindsTable["Obyron"]["Color"], "", "Obyron         ", WindsTable["Valkur"]["Color"], "", "Valkur          ", "yellow", "", ".", "red", "", "/ )    ", "yellow", "", ".")
	ColourNote("yellow", "", ".       .                                                     .       .")
	ColourNote("yellow", "", ".       .     ", WindsTable["Elisa"]["Color"], "", "Elisa            ", WindsTable["OrcWarrior"]["Color"], "", "OrcWarrior     ", WindsTable["Velvet"]["Color"], "", "Velvet          ", "yellow", "", ".       .")
	ColourNote("yellow", "", ". ", "red", "", "o/__  ", "yellow", "", ".                                                     . ", "red", "", "o/__  ", "yellow", "", ".")
	ColourNote("yellow", "", ".  ", "red", "", "| (\\ ", "yellow", "", ".     ", WindsTable["Entreri"]["Color"], "", "Entreri          ", WindsTable["Paramore"]["Color"], "", "Paramore       ", WindsTable["Vesuvius"]["Color"], "", "Vesuvius        ", "yellow", "", ". ", "red", "", "|  (\\ ", "yellow", "", ".")
	ColourNote("yellow", "", ".       .                                                     .       .")
	ColourNote("yellow", "", ".  ", "red", "", "o _  ", "yellow", "", ".     ", WindsTable["Fufa"]["Color"], "", "Fufa             ", WindsTable["Penthesilea"]["Color"], "", "Penthesilea    ", WindsTable["Vilgan"]["Color"], "", "Vilgan          ", "yellow", "", ".  ", "red", "", "o _  ", "yellow", "", ".")
	ColourNote("yellow", "", ".  ", "red", "", "/\\   ", "yellow", "", ".                                                     .  ", "red", "", "/\\   ", "yellow", "", ".")
	ColourNote("yellow", "", ".  ", "red", "", "/ |  ", "yellow", "", ".     ", WindsTable["Geneve"]["Color"], "", "Geneve           ", WindsTable["Pointless"]["Color"], "", "Pointless      ", WindsTable["Vitae"]["Color"], "", "Vitae           ", "yellow", "", ".  ", "red", "", "/ |  ", "yellow", "", ".")
	ColourNote("yellow", "", ".       .                                                     .       .")
	ColourNote("yellow", "", ".       .     ", WindsTable["Guinness"]["Color"], "", "Guinness         ", WindsTable["Pudge"]["Color"], "", "Pudge          ", WindsTable["Xeno"]["Color"], "", "Xeno            ", "yellow", "", ".       .")
	ColourNote("yellow", "", ". ", "red", "", "\\ o / ", "yellow", "", ".                                                     . ", "red", "", "\\ o / ", "yellow", "", ".")
	ColourNote("yellow", "", ".   ", "red", "", "|   ", "yellow", "", ".     ", WindsTable["Harvester"]["Color"], "", "Harvester        ", WindsTable["Rhuli"]["Color"], "", "Rhuli          ", WindsTable["Yandros"]["Color"], "", "Yandros         ", "yellow", "", ".   ", "red", "", "|   ", "yellow", "", ".")
	ColourNote("yellow", "", ".  ", "red", "", "/ \\  ", "yellow", "", ".                                                     .  ", "red", "", "/ \\  ", "yellow", "", ".")
	ColourNote("yellow", "", ".       .     ", WindsTable["JustMe"]["Color"], "", "JustMe           ", WindsTable["Rumour"]["Color"], "", "Rumour                         ", "yellow", "", ".       .")
	ColourNote("yellow", "", ".       .......................................................       .")
	ColourNote("yellow", "", ".   ", "red", "", "o   \\ o /  _ o        __|    \\ /     |__         o _  \\ o /   o   ", "yellow", "", ".")
	ColourNote("yellow", "", ".  ", "red", "", "/|\\    |     /\\   __\\o   \\o    |    o/     o/__   /\\     |    /|\\  ", "yellow", "", ".")
	ColourNote("yellow", "", ".  ", "red", "", "/ \\   / \\   | \\  /) |    ( \\  /o\\  / )    |   (\\  / |   / \\   / \\  ", "yellow", "", ".")
	ColourNote("yellow", "", "......................................................................")
end -- Deck4

-------------------------------------------
------------ WINDS RUN SCRIPTS ------------
-------------------------------------------
function CagedRoom()
	Send ("wake")
	
	GetRoom()
	
	if tonumber(gmcproomid) == 39943 then
		Send ("search square")
		Send ("get key")
		Send ("up")
		Send ("open north")
		Send ("open south")
	elseif tonumber(gmcproomid) == 39937 then
		Send ("search cell")
		Send ("get key")
		Send ("up")
		Send ("open north")
		Send ("open south")
	elseif tonumber(gmcproomid) == 39953 then
		Send ("search hole")
		Send ("get key")
		Send ("up")
		Send ("open north")
		Send ("open south")
	elseif tonumber(gmcproomid) == 39948 then
		Send ("search floor")
		Send ("get key")
		Send ("up")
		Send ("open north")
		Send ("open south")
	elseif tonumber(gmcproomid) == 39943 then
		Send ("push square")
		Send ("get key")
		Send ("up")
		Send ("open north")
		Send ("open south")
	else
		Send ("search ice")
		Send ("search sludge")
	end
end -- CagedRoom

function GetRoom()
	Send_GMCP_Packet("request room")

	gmcparea = gmcp("room.info.zone")
	gmcproomid = gmcp("room.info.num")
end -- GetRoom

function WindsUpdate(name, line, wc)
	local name = wc[1]
	
	if name == nil or name == "" then
	else
		WindsTable[name]["Need"] = "NO"
		WindsTable[name]["Color"] = "GREEN"
	end
end -- WindsUpdate

function WindsRunUpdateEnable()
	world.EnableGroup ("WindsRunUpdateTrigs", 1)
end -- WindsRunUpdateEnable

function WindsRunUpdateDisable()
	world.EnableGroup ("WindsRunUpdateTrigs", 0)
	world.EnableGroup ("WindsRunNodHynes", 0)
	world.EnableGroup ("WindsRun", 0)

	if WindsQP ~= 0 then 
		Send ("tracker " .. "@DWinds QP Reward: @R" .. WindsQP .. " @DQP earned.@w")
	end
	
	SaveState()
end -- WindsRunUpdateDisable

function WindsUpdateEnable()
	world.EnableGroup ("WindsUpdateTrigs", 1)
end -- WindsUpdateEnable

function WindsUpdateDisable()
	world.EnableGroup ("WindsUpdateTrigs", 0)
	
	SaveState()
end -- WindsUpdateDisable

function WindsLBid(name, line, args, styles)
	for i, s in ipairs(styles) do
		ColourTell(RGBColourToName(s.textcolour), "", s.text)
	end
	
	local have = ""
	local name = args[2]
	
	if WindsTable[args[2]]["Need"] == "YES" then 
		have = "NEED"
	else
		have = "HAVE"
	end

	if casefocus == 5 then
		ColourNote("magenta", "", " [", "cyan", "", WindsTable[name]["Case"], "magenta", "", " | ", "cyan", "", have, "magenta", "", "]")
	else	
		local focuscase = "Case " .. casefocus
		
		if WindsTable[name]["Case"] == focuscase then
			ColourNote("magenta", "", " [", "cyan", "", WindsTable[name]["Case"], "magenta", "", " | ", "cyan", "", have, "magenta", "", "]")
		end
	end
end -- WindsLBid

function inventory_winds(name, line, args, styles)
	for i, s in ipairs(styles) do
		ColourTell(RGBColourToName(s.textcolour), "", s.text)
	end

	local have = ""
	local name = ""
	
	if args[2] == nil or args[2] == "" then
		name = args[1] 
	else
		name = args[2]
	end
	
	if WindsTable[name]["Need"] == "YES" then 
		have = "NEED"
	else
		have = "HAVE"
	end
	
	if casefocus == 5 then
		ColourNote("magenta", "", " [", "cyan", "", WindsTable[name]["Case"], "magenta", "", " | ", "cyan", "", have, "magenta", "", "]")
	else
		local focuscase = "Case " .. casefocus
		
		if WindsTable[name]["Case"] == focuscase then
			ColourNote("magenta", "", " [", "cyan", "", WindsTable[name]["Case"], "magenta", "", " | ", "cyan", "", have, "magenta", "", "]")
		end
	end
end -- inventory_winds

function selling_winds(name, line, args, styles)
	local w = 0

	for i, s in ipairs(styles) do
		ColourTell(RGBColourToName(s.textcolour), "", s.text)
	end
	
	local name = args.piece
	local have = ""
	
	if WindsTable[args.piece]["Need"] == "YES" then 
		have = "NEED"
	else
		have = "HAVE"
	end

	if casefocus == 5 then		
		ColourNote("magenta", "", " [", "cyan", "", WindsTable[name]["Case"], "magenta", "", " | ", "cyan", "", have, "magenta", "", "]")
	else
		local focuscase = "Case " .. casefocus
		
		if WindsTable[name]["Case"] == focuscase then
			ColourNote("magenta", "", " [", "cyan", "", WindsTable[name]["Case"], "magenta", "", " | ", "cyan", "", have, "magenta", "", "]")
		end
	end
end -- selling_winds

function WindsAuction(name, line, args, styles)
	for i, s in ipairs(styles) do
		ColourTell(RGBColourToName(s.textcolour), "", s.text)
	end
	
	local have = ""
	local name = args[2]
	
	if WindsTable[args[2]]["Need"] == "YES" then 
		have = "NEED"
	else
		have = "HAVE"
	end
	
	if casefocus == 5 then
		ColourNote("magenta", "", " [", "cyan", "", WindsTable[name]["Case"], "magenta", "", " | ", "cyan", "", have, "magenta", "", "]")
	else
		local focuscase = "Case " .. casefocus
		
		if WindsTable[name]["Case"] == focuscase then
			ColourNote("magenta", "", " [", "cyan", "", WindsTable[name]["Case"], "magenta", "", " | ", "cyan", "", have, "magenta", "", "]")
		end
	end
end -- WindsAuction

function ClearCase(name, line, wc)
	if tonumber(wc[1]) == 1 or tonumber(wc[1]) == 2 or tonumber(wc[1]) == 3 or tonumber(wc[1]) == 4 then
		local casename = "Case " .. wc[1]
		
		ColourNote (msg_colour, "", "Clearing Collector Case ", qty_colour, "", wc[1])
		
		for i,v in pairs(WindsTable) do
			cardname = i
			
			if WindsTable[cardname]["Case"] == casename then
				WindsTable[cardname]["Need"] = "YES"
				WindsTable[cardname]["Color"] = "RED"
			end
		end
	else
		ColourNote (err_colour, "", "Valid options are ", qty_colour, "", "clearcase 1-4", err_colour, "", ".")
	end
	
	SaveState()
end -- ClearCase

function TouchObelisk()
	GetRoom()
	
	if tonumber(gmcproomid) == 39902 then
		SendNoEcho ("touch obelisk")
		
		world.EnableGroup ("WindsRun", 1)
	else
		ColourNote(err_colour, "", "You are not in the correct room to ", qty_colour, "", "TOUCH OBELISK", err_colour, "", ". You must be in ", qty_colour, "", "An Unholy Grove - 39902")
	end
end -- TouchObelisk

function SearchFloor()
	GetRoom()
	
	if tonumber(gmcproomid) == 39913 then
		SendNoEcho ("search floor")
	else
		ColourNote(err_colour, "", "You are not in the correct room to ", qty_colour, "", "SEARCH FLOOR", err_colour, "", ". You must be in ", qty_colour, "", "Within the Ruins of a Great Library - 39913")
	end
end -- SearchFloor

function ClearBooks()
	GetRoom()
	
	if tonumber(gmcproomid) == 39913 then
		SendNoEcho ("clear books")
	else
		ColourNote(err_colour, "", "You are not in the correct room to ", qty_colour, "", "CLEAR BOOKS", err_colour, "", ". You must be in ", qty_colour, "", "Within the Ruins of a Great Library - 39913")
	end
end -- ClearBooks
  
function NodHynes()
	SendNoEcho ("nod hynes")
end -- NodHynes

function NodHynesEnable()
	world.EnableGroup ("WindsRunNodHynes", 1)
end -- NodHynesEnable

function CreateWindsTable()
	WindsTable = {}

	-- Winds Case 1

	WindsTable["Alessandrew"] = {}
	WindsTable["Alessandrew"]["Case"] = "Case 1"
	WindsTable["Alessandrew"]["Need"] = "YES"
	WindsTable["Alessandrew"]["Color"] = "RED"

	WindsTable["Alhena"] = {}
	WindsTable["Alhena"]["Case"] = "Case 1"
	WindsTable["Alhena"]["Need"] = "YES"
	WindsTable["Alhena"]["Color"] = "RED"

	WindsTable["Androg"] = {}
	WindsTable["Androg"]["Case"] = "Case 1"
	WindsTable["Androg"]["Need"] = "YES"
	WindsTable["Androg"]["Color"] = "RED"
	
	WindsTable["Ani"] = {}
	WindsTable["Ani"]["Case"] = "Case 1"
	WindsTable["Ani"]["Need"] = "YES"
	WindsTable["Ani"]["Color"] = "RED"

	WindsTable["Domain"] = {}
	WindsTable["Domain"]["Case"] = "Case 1"
	WindsTable["Domain"]["Need"] = "YES"
	WindsTable["Domain"]["Color"] = "RED"

	WindsTable["Evie"] = {}
	WindsTable["Evie"]["Case"] = "Case 1"
	WindsTable["Evie"]["Need"] = "YES"
	WindsTable["Evie"]["Color"] = "RED"

	WindsTable["FatesDagger"] = {}
	WindsTable["FatesDagger"]["Case"] = "Case 1"
	WindsTable["FatesDagger"]["Need"] = "YES"
	WindsTable["FatesDagger"]["Color"] = "RED"
	
	WindsTable["Bejito"] = {}
	WindsTable["Bejito"]["Case"] = "Case 1"
	WindsTable["Bejito"]["Need"] = "YES"
	WindsTable["Bejito"]["Color"] = "RED"
	
	WindsTable["Blurp"] = {}
	WindsTable["Blurp"]["Case"] = "Case 1"
	WindsTable["Blurp"]["Need"] = "YES"
	WindsTable["Blurp"]["Color"] = "RED"
	
	WindsTable["Bonjour"] = {}
	WindsTable["Bonjour"]["Case"] = "Case 1"
	WindsTable["Bonjour"]["Need"] = "YES"
	WindsTable["Bonjour"]["Color"] = "RED"
	
	WindsTable["Cadaver"] = {}
	WindsTable["Cadaver"]["Case"] = "Case 1"
	WindsTable["Cadaver"]["Need"] = "YES"	
	WindsTable["Cadaver"]["Color"] = "RED"
	
	WindsTable["Cartman"] = {}
	WindsTable["Cartman"]["Case"] = "Case 1"
	WindsTable["Cartman"]["Need"] = "YES"
	WindsTable["Cartman"]["Color"] = "RED"
	
	WindsTable["Chuft"] = {}
	WindsTable["Chuft"]["Case"] = "Case 1"
	WindsTable["Chuft"]["Need"] = "YES"
	WindsTable["Chuft"]["Color"] = "RED"

	WindsTable["Cordelia"] = {}
	WindsTable["Cordelia"]["Case"] = "Case 1"
	WindsTable["Cordelia"]["Need"] = "YES"
	WindsTable["Cordelia"]["Color"] = "RED"
	
	WindsTable["Curi"] = {}
	WindsTable["Curi"]["Case"] = "Case 1"
	WindsTable["Curi"]["Need"] = "YES"
	WindsTable["Curi"]["Color"] = "RED"
	
	WindsTable["Craven"] = {}
	WindsTable["Craven"]["Case"] = "Case 1"
	WindsTable["Craven"]["Need"] = "YES"
	WindsTable["Craven"]["Color"] = "RED"
	
	WindsTable["Dagonet"] = {}
	WindsTable["Dagonet"]["Case"] = "Case 1"
	WindsTable["Dagonet"]["Need"] = "YES"
	WindsTable["Dagonet"]["Color"] = "RED"
	
	WindsTable["Dave"] = {}
	WindsTable["Dave"]["Case"] = "Case 1"
	WindsTable["Dave"]["Need"] = "YES"
	WindsTable["Dave"]["Color"] = "RED"

	WindsTable["Demonspawn"] = {}
	WindsTable["Demonspawn"]["Case"] = "Case 1"
	WindsTable["Demonspawn"]["Need"] = "YES"
	WindsTable["Demonspawn"]["Color"] = "RED"
	
	WindsTable["Dereliction"] = {}
	WindsTable["Dereliction"]["Case"] = "Case 1"
	WindsTable["Dereliction"]["Need"] = "YES"
	WindsTable["Dereliction"]["Color"] = "RED"

	WindsTable["Dexter"] = {}
	WindsTable["Dexter"]["Case"] = "Case 1"
	WindsTable["Dexter"]["Need"] = "YES"
	WindsTable["Dexter"]["Color"] = "RED"

	WindsTable["DjVoltron"] = {}
	WindsTable["DjVoltron"]["Case"] = "Case 1"
	WindsTable["DjVoltron"]["Need"] = "YES"
	WindsTable["DjVoltron"]["Color"] = "RED"

	WindsTable["Galinthas"] = {}
	WindsTable["Galinthas"]["Case"] = "Case 1"
	WindsTable["Galinthas"]["Need"] = "YES"
	WindsTable["Galinthas"]["Color"] = "RED"

	WindsTable["Gren"] = {}
	WindsTable["Gren"]["Case"] = "Case 1"
	WindsTable["Gren"]["Need"] = "YES"
	WindsTable["Gren"]["Color"] = "RED"

	WindsTable["Hank"] = {}
	WindsTable["Hank"]["Case"] = "Case 1"
	WindsTable["Hank"]["Need"] = "YES"
	WindsTable["Hank"]["Color"] = "RED"

	WindsTable["Hiroki"] = {}
	WindsTable["Hiroki"]["Case"] = "Case 1"
	WindsTable["Hiroki"]["Need"] = "YES"
	WindsTable["Hiroki"]["Color"] = "RED"

	WindsTable["Jennie"] = {}
	WindsTable["Jennie"]["Case"] = "Case 1"
	WindsTable["Jennie"]["Need"] = "YES"
	WindsTable["Jennie"]["Color"] = "RED"

	WindsTable["Leaf"] = {}
	WindsTable["Leaf"]["Case"] = "Case 1"
	WindsTable["Leaf"]["Need"] = "YES"
	WindsTable["Leaf"]["Color"] = "RED"

	WindsTable["Linoge"] = {}
	WindsTable["Linoge"]["Case"] = "Case 1"
	WindsTable["Linoge"]["Need"] = "YES"
	WindsTable["Linoge"]["Color"] = "RED"

	WindsTable["Lumina"] = {}
	WindsTable["Lumina"]["Case"] = "Case 1"
	WindsTable["Lumina"]["Need"] = "YES"
	WindsTable["Lumina"]["Color"] = "RED"

	WindsTable["Madrox"] = {}
	WindsTable["Madrox"]["Case"] = "Case 1"
	WindsTable["Madrox"]["Need"] = "YES"
	WindsTable["Madrox"]["Color"] = "RED"

	WindsTable["Madcatz"] = {}
	WindsTable["Madcatz"]["Case"] = "Case 1"
	WindsTable["Madcatz"]["Need"] = "YES"
	WindsTable["Madcatz"]["Color"] = "RED"

	WindsTable["Majic"] = {}
	WindsTable["Majic"]["Case"] = "Case 1"
	WindsTable["Majic"]["Need"] = "YES"
	WindsTable["Majic"]["Color"] = "RED"

	WindsTable["Marauder"] = {}
	WindsTable["Marauder"]["Case"] = "Case 1"
	WindsTable["Marauder"]["Need"] = "YES"
	WindsTable["Marauder"]["Color"] = "RED"

	WindsTable["Marc"] = {}
	WindsTable["Marc"]["Case"] = "Case 1"
	WindsTable["Marc"]["Need"] = "YES"
	WindsTable["Marc"]["Color"] = "RED"

	WindsTable["Moolb"] = {}
	WindsTable["Moolb"]["Case"] = "Case 1"
	WindsTable["Moolb"]["Need"] = "YES"
	WindsTable["Moolb"]["Color"] = "RED"

	WindsTable["Ninja"] = {}
	WindsTable["Ninja"]["Case"] = "Case 1"
	WindsTable["Ninja"]["Need"] = "YES"
	WindsTable["Ninja"]["Color"] = "RED"

	WindsTable["Oladon"] = {}
	WindsTable["Oladon"]["Case"] = "Case 1"
	WindsTable["Oladon"]["Need"] = "YES"
	WindsTable["Oladon"]["Color"] = "RED"

	WindsTable["Original"] = {}
	WindsTable["Original"]["Case"] = "Case 1"
	WindsTable["Original"]["Need"] = "YES"
	WindsTable["Original"]["Color"] = "RED"

	WindsTable["Quadrapus"] = {}
	WindsTable["Quadrapus"]["Case"] = "Case 1"
	WindsTable["Quadrapus"]["Need"] = "YES"
	WindsTable["Quadrapus"]["Color"] = "RED"

	WindsTable["Rafaele"] = {}
	WindsTable["Rafaele"]["Case"] = "Case 1"
	WindsTable["Rafaele"]["Need"] = "YES"
	WindsTable["Rafaele"]["Color"] = "RED"

	WindsTable["Rau"] = {}
	WindsTable["Rau"]["Case"] = "Case 1"
	WindsTable["Rau"]["Need"] = "YES"
	WindsTable["Rau"]["Color"] = "RED"

	WindsTable["Rezit"] = {}
	WindsTable["Rezit"]["Case"] = "Case 1"
	WindsTable["Rezit"]["Need"] = "YES"
	WindsTable["Rezit"]["Color"] = "RED"

	WindsTable["Rocky"] = {}
	WindsTable["Rocky"]["Case"] = "Case 1"
	WindsTable["Rocky"]["Need"] = "YES"
	WindsTable["Rocky"]["Color"] = "RED"

	WindsTable["Ruiner"] = {}
	WindsTable["Ruiner"]["Case"] = "Case 1"
	WindsTable["Ruiner"]["Need"] = "YES"
	WindsTable["Ruiner"]["Color"] = "RED"

	WindsTable["Saartje"] = {}
	WindsTable["Saartje"]["Case"] = "Case 1"
	WindsTable["Saartje"]["Need"] = "YES"
	WindsTable["Saartje"]["Color"] = "RED"

	WindsTable["Speedster"] = {}
	WindsTable["Speedster"]["Case"] = "Case 1"
	WindsTable["Speedster"]["Need"] = "YES"
	WindsTable["Speedster"]["Color"] = "RED"

	WindsTable["Stormlord"] = {}
	WindsTable["Stormlord"]["Case"] = "Case 1"
	WindsTable["Stormlord"]["Need"] = "YES"
	WindsTable["Stormlord"]["Color"] = "RED"

	WindsTable["Tirica"] = {}
	WindsTable["Tirica"]["Case"] = "Case 1"
	WindsTable["Tirica"]["Need"] = "YES"
	WindsTable["Tirica"]["Color"] = "RED"

	WindsTable["TrEz"] = {}
	WindsTable["TrEz"]["Case"] = "Case 1"
	WindsTable["TrEz"]["Need"] = "YES"
	WindsTable["TrEz"]["Color"] = "RED"

	WindsTable["Trollemite"] = {}
	WindsTable["Trollemite"]["Case"] = "Case 1"
	WindsTable["Trollemite"]["Need"] = "YES"
	WindsTable["Trollemite"]["Color"] = "RED"

	WindsTable["Vanion"] = {}
	WindsTable["Vanion"]["Case"] = "Case 1"
	WindsTable["Vanion"]["Need"] = "YES"
	WindsTable["Vanion"]["Color"] = "RED"

	WindsTable["Whisper"] = {}
	WindsTable["Whisper"]["Case"] = "Case 1"
	WindsTable["Whisper"]["Need"] = "YES"
	WindsTable["Whisper"]["Color"] = "RED"

	WindsTable["Wojmil"] = {}
	WindsTable["Wojmil"]["Case"] = "Case 1"
	WindsTable["Wojmil"]["Need"] = "YES"
	WindsTable["Wojmil"]["Color"] = "RED"
	
	WindsTable["Yowza"] = {}
	WindsTable["Yowza"]["Case"] = "Case 1"
	WindsTable["Yowza"]["Need"] = "YES"
	WindsTable["Yowza"]["Color"] = "RED"

	WindsTable["Zolstead"] = {}
	WindsTable["Zolstead"]["Case"] = "Case 1"
	WindsTable["Zolstead"]["Need"] = "YES"
	WindsTable["Zolstead"]["Color"] = "RED"

    -- Winds Case 2	

	WindsTable["Abelinc"] = {}
	WindsTable["Abelinc"]["Case"] = "Case 2"
	WindsTable["Abelinc"]["Need"] = "YES"
	WindsTable["Abelinc"]["Color"] = "RED"

	WindsTable["Adam"] = {}
	WindsTable["Adam"]["Case"] = "Case 2"
	WindsTable["Adam"]["Need"] = "YES"	
	WindsTable["Adam"]["Color"] = "RED"

	WindsTable["Arist"] = {}
	WindsTable["Arist"]["Case"] = "Case 2"
	WindsTable["Arist"]["Need"] = "YES"
	WindsTable["Arist"]["Color"] = "RED"

	WindsTable["Baktosh"] = {}
	WindsTable["Baktosh"]["Case"] = "Case 2"
	WindsTable["Baktosh"]["Need"] = "YES"
	WindsTable["Baktosh"]["Color"] = "RED"

	WindsTable["Blug"] = {}
	WindsTable["Blug"]["Case"] = "Case 2"
	WindsTable["Blug"]["Need"] = "YES"
	WindsTable["Blug"]["Color"] = "RED"

	WindsTable["Blunt"] = {}
	WindsTable["Blunt"]["Case"] = "Case 2"
	WindsTable["Blunt"]["Need"] = "YES"
	WindsTable["Blunt"]["Color"] = "RED"

	WindsTable["Chich"] = {}
	WindsTable["Chich"]["Case"] = "Case 2"
	WindsTable["Chich"]["Need"] = "YES"
	WindsTable["Chich"]["Color"] = "RED"

	WindsTable["Corliss"] = {}
	WindsTable["Corliss"]["Case"] = "Case 2"
	WindsTable["Corliss"]["Need"] = "YES"
	WindsTable["Corliss"]["Color"] = "RED"

	WindsTable["Dachande"] = {}
	WindsTable["Dachande"]["Case"] = "Case 2"
	WindsTable["Dachande"]["Need"] = "YES"
	WindsTable["Dachande"]["Color"] = "RED"

	WindsTable["Danj"] = {}
	WindsTable["Danj"]["Case"] = "Case 2"
	WindsTable["Danj"]["Need"] = "YES"
	WindsTable["Danj"]["Color"] = "RED"

	WindsTable["Deadman"] = {}
	WindsTable["Deadman"]["Case"] = "Case 2"
	WindsTable["Deadman"]["Need"] = "YES"
	WindsTable["Deadman"]["Color"] = "RED"

	WindsTable["Delgar"] = {}
	WindsTable["Delgar"]["Case"] = "Case 2"
	WindsTable["Delgar"]["Need"] = "YES"
	WindsTable["Delgar"]["Color"] = "RED"

	WindsTable["Dexx"] = {}
	WindsTable["Dexx"]["Case"] = "Case 2"
	WindsTable["Dexx"]["Need"] = "YES"
	WindsTable["Dexx"]["Color"] = "RED"

	WindsTable["Edit"] = {}
	WindsTable["Edit"]["Case"] = "Case 2"
	WindsTable["Edit"]["Need"] = "YES"
	WindsTable["Edit"]["Color"] = "RED"

	WindsTable["Erikson"] = {}
	WindsTable["Erikson"]["Case"] = "Case 2"
	WindsTable["Erikson"]["Need"] = "YES"
	WindsTable["Erikson"]["Color"] = "RED"

	WindsTable["Fetard"] = {}
	WindsTable["Fetard"]["Case"] = "Case 2"
	WindsTable["Fetard"]["Need"] = "YES"
	WindsTable["Fetard"]["Color"] = "RED"

	WindsTable["Fiendish"] = {}
	WindsTable["Fiendish"]["Case"] = "Case 2"
	WindsTable["Fiendish"]["Need"] = "YES"
	WindsTable["Fiendish"]["Color"] = "RED"

	WindsTable["Freddie"] = {}
	WindsTable["Freddie"]["Case"] = "Case 2"
	WindsTable["Freddie"]["Need"] = "YES"
	WindsTable["Freddie"]["Color"] = "RED"

	WindsTable["Gastro"] = {}
	WindsTable["Gastro"]["Case"] = "Case 2"
	WindsTable["Gastro"]["Need"] = "YES"
	WindsTable["Gastro"]["Color"] = "RED"

	WindsTable["Icecool"] = {}
	WindsTable["Icecool"]["Case"] = "Case 2"
	WindsTable["Icecool"]["Need"] = "YES"
	WindsTable["Icecool"]["Color"] = "RED"

	WindsTable["Iceman"] = {}
	WindsTable["Iceman"]["Case"] = "Case 2"
	WindsTable["Iceman"]["Need"] = "YES"
	WindsTable["Iceman"]["Color"] = "RED"

	WindsTable["Ixultar"] = {}
	WindsTable["Ixultar"]["Case"] = "Case 2"
	WindsTable["Ixultar"]["Need"] = "YES"
	WindsTable["Ixultar"]["Color"] = "RED"

	WindsTable["Koala"] = {}
	WindsTable["Koala"]["Case"] = "Case 2"
	WindsTable["Koala"]["Need"] = "YES"
	WindsTable["Koala"]["Color"] = "RED"

	WindsTable["Kya"] = {}
	WindsTable["Kya"]["Case"] = "Case 2"
	WindsTable["Kya"]["Need"] = "YES"
	WindsTable["Kya"]["Color"] = "RED"

	WindsTable["Level"] = {}
	WindsTable["Level"]["Case"] = "Case 2"
	WindsTable["Level"]["Need"] = "YES"
	WindsTable["Level"]["Color"] = "RED"

	WindsTable["Liber"] = {}
	WindsTable["Liber"]["Case"] = "Case 2"
	WindsTable["Liber"]["Need"] = "YES"
	WindsTable["Liber"]["Color"] = "RED"

	WindsTable["Mars"] = {}
	WindsTable["Mars"]["Case"] = "Case 2"
	WindsTable["Mars"]["Need"] = "YES"
	WindsTable["Mars"]["Color"] = "RED"

	WindsTable["Mendaloth"] = {}
	WindsTable["Mendaloth"]["Case"] = "Case 2"
	WindsTable["Mendaloth"]["Need"] = "YES"
	WindsTable["Mendaloth"]["Color"] = "RED"

	WindsTable["Milquetoast"] = {}
	WindsTable["Milquetoast"]["Case"] = "Case 2"
	WindsTable["Milquetoast"]["Need"] = "YES"
	WindsTable["Milquetoast"]["Color"] = "RED"

	WindsTable["Mique"] = {}
	WindsTable["Mique"]["Case"] = "Case 2"
	WindsTable["Mique"]["Need"] = "YES"
	WindsTable["Mique"]["Color"] = "RED"

	WindsTable["Mirrim"] = {}
	WindsTable["Mirrim"]["Case"] = "Case 2"
	WindsTable["Mirrim"]["Need"] = "YES"
	WindsTable["Mirrim"]["Color"] = "RED"

	WindsTable["Moradin"] = {}
	WindsTable["Moradin"]["Case"] = "Case 2"
	WindsTable["Moradin"]["Need"] = "YES"
	WindsTable["Moradin"]["Color"] = "RED"

	WindsTable["Morn"] = {}
	WindsTable["Morn"]["Case"] = "Case 2"
	WindsTable["Morn"]["Need"] = "YES"
	WindsTable["Morn"]["Color"] = "RED"

	WindsTable["Nasus"] = {}
	WindsTable["Nasus"]["Case"] = "Case 2"
	WindsTable["Nasus"]["Need"] = "YES"
	WindsTable["Nasus"]["Color"] = "RED"

	WindsTable["Nocilis"] = {}
	WindsTable["Nocilis"]["Case"] = "Case 2"
	WindsTable["Nocilis"]["Need"] = "YES"
	WindsTable["Nocilis"]["Color"] = "RED"

	WindsTable["Paipals"] = {}
	WindsTable["Paipals"]["Case"] = "Case 2"
	WindsTable["Paipals"]["Need"] = "YES"
	WindsTable["Paipals"]["Color"] = "RED"

	WindsTable["Pleiades"] = {}
	WindsTable["Pleiades"]["Case"] = "Case 2"
	WindsTable["Pleiades"]["Need"] = "YES"
	WindsTable["Pleiades"]["Color"] = "RED"

	WindsTable["Portia"] = {}
	WindsTable["Portia"]["Case"] = "Case 2"
	WindsTable["Portia"]["Need"] = "YES"
	WindsTable["Portia"]["Color"] = "RED"

	WindsTable["Pumpkin"] = {}
	WindsTable["Pumpkin"]["Case"] = "Case 2"
	WindsTable["Pumpkin"]["Need"] = "YES"
	WindsTable["Pumpkin"]["Color"] = "RED"

	WindsTable["Razor"] = {}
	WindsTable["Razor"]["Case"] = "Case 2"
	WindsTable["Razor"]["Need"] = "YES"
	WindsTable["Razor"]["Color"] = "RED"

	WindsTable["Redryn"] = {}
	WindsTable["Redryn"]["Case"] = "Case 2"
	WindsTable["Redryn"]["Need"] = "YES"
	WindsTable["Redryn"]["Color"] = "RED"

	WindsTable["Robbo"] = {}
	WindsTable["Robbo"]["Case"] = "Case 2"
	WindsTable["Robbo"]["Need"] = "YES"
	WindsTable["Robbo"]["Color"] = "RED"

	WindsTable["Rojaz"] = {}
	WindsTable["Rojaz"]["Case"] = "Case 2"
	WindsTable["Rojaz"]["Need"] = "YES"
	WindsTable["Rojaz"]["Color"] = "RED"

	WindsTable["Slith"] = {}
	WindsTable["Slith"]["Case"] = "Case 2"
	WindsTable["Slith"]["Need"] = "YES"
	WindsTable["Slith"]["Color"] = "RED"

	WindsTable["SonRokito"] = {}
	WindsTable["SonRokito"]["Case"] = "Case 2"
	WindsTable["SonRokito"]["Need"] = "YES"
	WindsTable["SonRokito"]["Color"] = "RED"

	WindsTable["Tinada"] = {}
	WindsTable["Tinada"]["Case"] = "Case 2"
	WindsTable["Tinada"]["Need"] = "YES"
	WindsTable["Tinada"]["Color"] = "RED"

	WindsTable["Trachx"] = {}
	WindsTable["Trachx"]["Case"] = "Case 2"
	WindsTable["Trachx"]["Need"] = "YES"
	WindsTable["Trachx"]["Color"] = "RED"

	WindsTable["Trurien"] = {}
	WindsTable["Trurien"]["Case"] = "Case 2"
	WindsTable["Trurien"]["Need"] = "YES"
	WindsTable["Trurien"]["Color"] = "RED"

	WindsTable["Turie"] = {}
	WindsTable["Turie"]["Case"] = "Case 2"
	WindsTable["Turie"]["Need"] = "YES"
	WindsTable["Turie"]["Color"] = "RED"

	WindsTable["Tzitzimime"] = {}
	WindsTable["Tzitzimime"]["Case"] = "Case 2"
	WindsTable["Tzitzimime"]["Need"] = "YES"
	WindsTable["Tzitzimime"]["Color"] = "RED"

	WindsTable["Unforgiven"] = {}
	WindsTable["Unforgiven"]["Case"] = "Case 2"
	WindsTable["Unforgiven"]["Need"] = "YES"
	WindsTable["Unforgiven"]["Color"] = "RED"

	WindsTable["Wars"] = {}
	WindsTable["Wars"]["Case"] = "Case 2"
	WindsTable["Wars"]["Need"] = "YES"
	WindsTable["Wars"]["Color"] = "RED"

	WindsTable["Whitdjinn"] = {}
	WindsTable["Whitdjinn"]["Case"] = "Case 2"
	WindsTable["Whitdjinn"]["Need"] = "YES"
	WindsTable["Whitdjinn"]["Color"] = "RED"

	WindsTable["Wire"] = {}
	WindsTable["Wire"]["Case"] = "Case 2"
	WindsTable["Wire"]["Need"] = "YES"
	WindsTable["Wire"]["Color"] = "RED"

	WindsTable["Zengo"] = {}
	WindsTable["Zengo"]["Case"] = "Case 2"
	WindsTable["Zengo"]["Need"] = "YES"	
	WindsTable["Zengo"]["Color"] = "RED"

	WindsTable["Zoot"] = {}
	WindsTable["Zoot"]["Case"] = "Case 2"
	WindsTable["Zoot"]["Need"] = "YES"
	WindsTable["Zoot"]["Color"] = "RED"

    -- Winds Case 3

	WindsTable["Aisis"] = {}
	WindsTable["Aisis"]["Case"] = "Case 3"
	WindsTable["Aisis"]["Need"] = "YES"
	WindsTable["Aisis"]["Color"] = "RED"

	WindsTable["Andersen"] = {}
	WindsTable["Andersen"]["Case"] = "Case 3"
	WindsTable["Andersen"]["Need"] = "YES"
	WindsTable["Andersen"]["Color"] = "RED"

	WindsTable["Arius"] = {}
	WindsTable["Arius"]["Case"] = "Case 3"
	WindsTable["Arius"]["Need"] = "YES"
	WindsTable["Arius"]["Color"] = "RED"

	WindsTable["Arthon"] = {}
	WindsTable["Arthon"]["Case"] = "Case 3"
	WindsTable["Arthon"]["Need"] = "YES"
	WindsTable["Arthon"]["Color"] = "RED"

	WindsTable["Barchetta"] = {}
	WindsTable["Barchetta"]["Case"] = "Case 3"
	WindsTable["Barchetta"]["Need"] = "YES"
	WindsTable["Barchetta"]["Color"] = "RED"

	WindsTable["Barid"] = {}
	WindsTable["Barid"]["Case"] = "Case 3"
	WindsTable["Barid"]["Need"] = "YES"
	WindsTable["Barid"]["Color"] = "RED"

	WindsTable["Belmont"] = {}
	WindsTable["Belmont"]["Case"] = "Case 3"
	WindsTable["Belmont"]["Need"] = "YES"
	WindsTable["Belmont"]["Color"] = "RED"

	WindsTable["Breeze"] = {}
	WindsTable["Breeze"]["Case"] = "Case 3"
	WindsTable["Breeze"]["Need"] = "YES"
	WindsTable["Breeze"]["Color"] = "RED"

	WindsTable["Candace"] = {}
	WindsTable["Candace"]["Case"] = "Case 3"
	WindsTable["Candace"]["Need"] = "YES"
	WindsTable["Candace"]["Color"] = "RED"

	WindsTable["Cerridwen"] = {}
	WindsTable["Cerridwen"]["Case"] = "Case 3"
	WindsTable["Cerridwen"]["Need"] = "YES"
	WindsTable["Cerridwen"]["Color"] = "RED"

	WindsTable["Confusion"] = {}
	WindsTable["Confusion"]["Case"] = "Case 3"
	WindsTable["Confusion"]["Need"] = "YES"
	WindsTable["Confusion"]["Color"] = "RED"

	WindsTable["DagasWolf"] = {}
	WindsTable["DagasWolf"]["Case"] = "Case 3"
	WindsTable["DagasWolf"]["Need"] = "YES"
	WindsTable["DagasWolf"]["Color"] = "RED"

	WindsTable["Delight"] = {}
	WindsTable["Delight"]["Case"] = "Case 3"
	WindsTable["Delight"]["Need"] = "YES"
	WindsTable["Delight"]["Color"] = "RED"

	WindsTable["Dirtworm"] = {}
	WindsTable["Dirtworm"]["Case"] = "Case 3"
	WindsTable["Dirtworm"]["Need"] = "YES"
	WindsTable["Dirtworm"]["Color"] = "RED"

	WindsTable["Dhamon"] = {}
	WindsTable["Dhamon"]["Case"] = "Case 3"
	WindsTable["Dhamon"]["Need"] = "YES"
	WindsTable["Dhamon"]["Color"] = "RED"

	WindsTable["Eclaboussure"] = {}
	WindsTable["Eclaboussure"]["Case"] = "Case 3"
	WindsTable["Eclaboussure"]["Need"] = "YES"
	WindsTable["Eclaboussure"]["Color"] = "RED"

	WindsTable["Euphonix"] = {}
	WindsTable["Euphonix"]["Case"] = "Case 3"
	WindsTable["Euphonix"]["Need"] = "YES"
	WindsTable["Euphonix"]["Color"] = "RED"

	WindsTable["FieryFlame"] = {}
	WindsTable["FieryFlame"]["Case"] = "Case 3"
	WindsTable["FieryFlame"]["Need"] = "YES"
	WindsTable["FieryFlame"]["Color"] = "RED"

	WindsTable["Filt"] = {}
	WindsTable["Filt"]["Case"] = "Case 3"
	WindsTable["Filt"]["Need"] = "YES"
	WindsTable["Filt"]["Color"] = "RED"

	WindsTable["Gangar"] = {}
	WindsTable["Gangar"]["Case"] = "Case 3"
	WindsTable["Gangar"]["Need"] = "YES"
	WindsTable["Gangar"]["Color"] = "RED"

	WindsTable["Ghaan"] = {}
	WindsTable["Ghaan"]["Case"] = "Case 3"
	WindsTable["Ghaan"]["Need"] = "YES"
	WindsTable["Ghaan"]["Color"] = "RED"

	WindsTable["Glimmer"] = {}
	WindsTable["Glimmer"]["Case"] = "Case 3"
	WindsTable["Glimmer"]["Need"] = "YES"
	WindsTable["Glimmer"]["Color"] = "RED"

	WindsTable["Halo"] = {}
	WindsTable["Halo"]["Case"] = "Case 3"
	WindsTable["Halo"]["Need"] = "YES"
	WindsTable["Halo"]["Color"] = "RED"

	WindsTable["Ikyu"] = {}
	WindsTable["Ikyu"]["Case"] = "Case 3"
	WindsTable["Ikyu"]["Need"] = "YES"
	WindsTable["Ikyu"]["Color"] = "RED"

	WindsTable["Jaenelle"] = {}
	WindsTable["Jaenelle"]["Case"] = "Case 3"
	WindsTable["Jaenelle"]["Need"] = "YES"
	WindsTable["Jaenelle"]["Color"] = "RED"

	WindsTable["Jernau"] = {}
	WindsTable["Jernau"]["Case"] = "Case 3"
	WindsTable["Jernau"]["Need"] = "YES"
	WindsTable["Jernau"]["Color"] = "RED"

	WindsTable["Juli"] = {}
	WindsTable["Juli"]["Case"] = "Case 3"
	WindsTable["Juli"]["Need"] = "YES"
	WindsTable["Juli"]["Color"] = "RED"

	WindsTable["Kaitlyn"] = {}
	WindsTable["Kaitlyn"]["Case"] = "Case 3"
	WindsTable["Kaitlyn"]["Need"] = "YES"
	WindsTable["Kaitlyn"]["Color"] = "RED"

	WindsTable["Khelda"] = {}
	WindsTable["Khelda"]["Case"] = "Case 3"
	WindsTable["Khelda"]["Need"] = "YES"
	WindsTable["Khelda"]["Color"] = "RED"

	WindsTable["Kinson"] = {}
	WindsTable["Kinson"]["Case"] = "Case 3"
	WindsTable["Kinson"]["Need"] = "YES"
	WindsTable["Kinson"]["Color"] = "RED"

	WindsTable["Kt"] = {}
	WindsTable["Kt"]["Case"] = "Case 3"
	WindsTable["Kt"]["Need"] = "YES"
	WindsTable["Kt"]["Color"] = "RED"

	WindsTable["Lamoxes"] = {}
	WindsTable["Lamoxes"]["Case"] = "Case 3"
	WindsTable["Lamoxes"]["Need"] = "YES"
	WindsTable["Lamoxes"]["Color"] = "RED"

	WindsTable["Llarian"] = {}
	WindsTable["Llarian"]["Case"] = "Case 3"
	WindsTable["Llarian"]["Need"] = "YES"
	WindsTable["Llarian"]["Color"] = "RED"

	WindsTable["Martin"] = {}
	WindsTable["Martin"]["Case"] = "Case 3"
	WindsTable["Martin"]["Need"] = "YES"
	WindsTable["Martin"]["Color"] = "RED"

	WindsTable["Metallica"] = {}
	WindsTable["Metallica"]["Case"] = "Case 3"
	WindsTable["Metallica"]["Need"] = "YES"
	WindsTable["Metallica"]["Color"] = "RED"

	WindsTable["Mordist"] = {}
	WindsTable["Mordist"]["Case"] = "Case 3"
	WindsTable["Mordist"]["Need"] = "YES"
	WindsTable["Mordist"]["Color"] = "RED"

	WindsTable["Natallia"] = {}
	WindsTable["Natallia"]["Case"] = "Case 3"
	WindsTable["Natallia"]["Need"] = "YES"
	WindsTable["Natallia"]["Color"] = "RED"

	WindsTable["Neeper"] = {}
	WindsTable["Neeper"]["Case"] = "Case 3"
	WindsTable["Neeper"]["Need"] = "YES"
	WindsTable["Neeper"]["Color"] = "RED"

	WindsTable["Orsiphantes"] = {}
	WindsTable["Orsiphantes"]["Case"] = "Case 3"
	WindsTable["Orsiphantes"]["Need"] = "YES"
	WindsTable["Orsiphantes"]["Color"] = "RED"

	WindsTable["Pane"] = {}
	WindsTable["Pane"]["Case"] = "Case 3"
	WindsTable["Pane"]["Need"] = "YES"
	WindsTable["Pane"]["Color"] = "RED"

	WindsTable["Psychopath"] = {}
	WindsTable["Psychopath"]["Case"] = "Case 3"
	WindsTable["Psychopath"]["Need"] = "YES"
	WindsTable["Psychopath"]["Color"] = "RED"

	WindsTable["Roell"] = {}
	WindsTable["Roell"]["Case"] = "Case 3"
	WindsTable["Roell"]["Need"] = "YES"
	WindsTable["Roell"]["Color"] = "RED"

	WindsTable["Sarlock"] = {}
	WindsTable["Sarlock"]["Case"] = "Case 3"
	WindsTable["Sarlock"]["Need"] = "YES"
	WindsTable["Sarlock"]["Color"] = "RED"

	WindsTable["Senja"] = {}
	WindsTable["Senja"]["Case"] = "Case 3"
	WindsTable["Senja"]["Need"] = "YES"
	WindsTable["Senja"]["Color"] = "RED"

	WindsTable["ShadowFax"] = {}
	WindsTable["ShadowFax"]["Case"] = "Case 3"
	WindsTable["ShadowFax"]["Need"] = "YES"
	WindsTable["ShadowFax"]["Color"] = "RED"

	WindsTable["Songbird"] = {}
	WindsTable["Songbird"]["Case"] = "Case 3"
	WindsTable["Songbird"]["Need"] = "YES"
	WindsTable["Songbird"]["Color"] = "RED"

	WindsTable["Synthesizer"] = {}
	WindsTable["Synthesizer"]["Case"] = "Case 3"
	WindsTable["Synthesizer"]["Need"] = "YES"
	WindsTable["Synthesizer"]["Color"] = "RED"

	WindsTable["Tallie"] = {}
	WindsTable["Tallie"]["Case"] = "Case 3"
	WindsTable["Tallie"]["Need"] = "YES"
	WindsTable["Tallie"]["Color"] = "RED"

	WindsTable["Terrill"] = {}
	WindsTable["Terrill"]["Case"] = "Case 3"
	WindsTable["Terrill"]["Need"] = "YES"
	WindsTable["Terrill"]["Color"] = "RED"

	WindsTable["Thirstan"] = {}
	WindsTable["Thirstan"]["Case"] = "Case 3"
	WindsTable["Thirstan"]["Need"] = "YES"
	WindsTable["Thirstan"]["Color"] = "RED"

	WindsTable["Tripitaka"] = {}
	WindsTable["Tripitaka"]["Case"] = "Case 3"
	WindsTable["Tripitaka"]["Need"] = "YES"
	WindsTable["Tripitaka"]["Color"] = "RED"

	WindsTable["Tyanon"] = {}
	WindsTable["Tyanon"]["Case"] = "Case 3"
	WindsTable["Tyanon"]["Need"] = "YES"
	WindsTable["Tyanon"]["Color"] = "RED"

	WindsTable["Tymme"] = {}
	WindsTable["Tymme"]["Case"] = "Case 3"
	WindsTable["Tymme"]["Need"] = "YES"
	WindsTable["Tymme"]["Color"] = "RED"

	WindsTable["Uncival"] = {}
	WindsTable["Uncival"]["Case"] = "Case 3"
	WindsTable["Uncival"]["Need"] = "YES"
	WindsTable["Uncival"]["Color"] = "RED"

	WindsTable["Wolfe"] = {}
	WindsTable["Wolfe"]["Case"] = "Case 3"
	WindsTable["Wolfe"]["Need"] = "YES"
	WindsTable["Wolfe"]["Color"] = "RED"

	WindsTable["Xantcha"] = {}
	WindsTable["Xantcha"]["Case"] = "Case 3"
	WindsTable["Xantcha"]["Need"] = "YES"
	WindsTable["Xantcha"]["Color"] = "RED"

	--Winds Case 4

	WindsTable["Althalus"] = {}
	WindsTable["Althalus"]["Case"] = "Case 4"
	WindsTable["Althalus"]["Need"] = "YES"
	WindsTable["Althalus"]["Color"] = "RED"

	WindsTable["Anaristos"] = {}
	WindsTable["Anaristos"]["Case"] = "Case 4"
	WindsTable["Anaristos"]["Need"] = "YES"
	WindsTable["Anaristos"]["Color"] = "RED"

	WindsTable["Baejita"] = {}
	WindsTable["Baejita"]["Case"] = "Case 4"
	WindsTable["Baejita"]["Need"] = "YES"
	WindsTable["Baejita"]["Color"] = "RED"

	WindsTable["Banichi"] = {}
	WindsTable["Banichi"]["Case"] = "Case 4"
	WindsTable["Banichi"]["Need"] = "YES"
	WindsTable["Banichi"]["Color"] = "RED"

	WindsTable["Broud"] = {}
	WindsTable["Broud"]["Case"] = "Case 4"
	WindsTable["Broud"]["Need"] = "YES"
	WindsTable["Broud"]["Color"] = "RED"

	WindsTable["Cassin"] = {}
	WindsTable["Cassin"]["Case"] = "Case 4"
	WindsTable["Cassin"]["Need"] = "YES"
	WindsTable["Cassin"]["Color"] = "RED"

	WindsTable["Citron"] = {}
	WindsTable["Citron"]["Case"] = "Case 4"
	WindsTable["Citron"]["Need"] = "YES"
	WindsTable["Citron"]["Color"] = "RED"

	WindsTable["Claire"] = {}
	WindsTable["Claire"]["Case"] = "Case 4"
	WindsTable["Claire"]["Need"] = "YES"
	WindsTable["Claire"]["Color"] = "RED"

	WindsTable["Cynic"] = {}
	WindsTable["Cynic"]["Case"] = "Case 4"
	WindsTable["Cynic"]["Need"] = "YES"
	WindsTable["Cynic"]["Color"] = "RED"

	WindsTable["Dadrake"] = {}
	WindsTable["Dadrake"]["Case"] = "Case 4"
	WindsTable["Dadrake"]["Need"] = "YES"
	WindsTable["Dadrake"]["Color"] = "RED"

	WindsTable["Darkmoore"] = {}
	WindsTable["Darkmoore"]["Case"] = "Case 4"
	WindsTable["Darkmoore"]["Need"] = "YES"
	WindsTable["Darkmoore"]["Color"] = "RED"

	WindsTable["Dreamfyre"] = {}
	WindsTable["Dreamfyre"]["Case"] = "Case 4"
	WindsTable["Dreamfyre"]["Need"] = "YES"
	WindsTable["Dreamfyre"]["Color"] = "RED"

	WindsTable["Elisa"] = {}
	WindsTable["Elisa"]["Case"] = "Case 4"
	WindsTable["Elisa"]["Need"] = "YES"
	WindsTable["Elisa"]["Color"] = "RED"

	WindsTable["Entreri"] = {}
	WindsTable["Entreri"]["Case"] = "Case 4"
	WindsTable["Entreri"]["Need"] = "YES"
	WindsTable["Entreri"]["Color"] = "RED"

	WindsTable["Fufa"] = {}
	WindsTable["Fufa"]["Case"] = "Case 4"
	WindsTable["Fufa"]["Need"] = "YES"
	WindsTable["Fufa"]["Color"] = "RED"

	WindsTable["Geneve"] = {}
	WindsTable["Geneve"]["Case"] = "Case 4"
	WindsTable["Geneve"]["Need"] = "YES"
	WindsTable["Geneve"]["Color"] = "RED"

	WindsTable["Guinness"] = {}
	WindsTable["Guinness"]["Case"] = "Case 4"
	WindsTable["Guinness"]["Need"] = "YES"
	WindsTable["Guinness"]["Color"] = "RED"

	WindsTable["Harvester"] = {}
	WindsTable["Harvester"]["Case"] = "Case 4"
	WindsTable["Harvester"]["Need"] = "YES"
	WindsTable["Harvester"]["Color"] = "RED"

	WindsTable["JustMe"] = {}
	WindsTable["JustMe"]["Case"] = "Case 4"
	WindsTable["JustMe"]["Need"] = "YES"
	WindsTable["JustMe"]["Color"] = "RED"

	WindsTable["Kalince"] = {}
	WindsTable["Kalince"]["Case"] = "Case 4"
	WindsTable["Kalince"]["Need"] = "YES"
	WindsTable["Kalince"]["Color"] = "RED"

	WindsTable["Kharpern"] = {}
	WindsTable["Kharpern"]["Case"] = "Case 4"
	WindsTable["Kharpern"]["Need"] = "YES"
	WindsTable["Kharpern"]["Color"] = "RED"

	WindsTable["Korridel"] = {}
	WindsTable["Korridel"]["Case"] = "Case 4"
	WindsTable["Korridel"]["Need"] = "YES"
	WindsTable["Korridel"]["Color"] = "RED"

	WindsTable["Laren"] = {}
	WindsTable["Laren"]["Case"] = "Case 4"
	WindsTable["Laren"]["Need"] = "YES"
	WindsTable["Laren"]["Color"] = "RED"

	WindsTable["Lao"] = {}
	WindsTable["Lao"]["Case"] = "Case 4"
	WindsTable["Lao"]["Need"] = "YES"
	WindsTable["Lao"]["Color"] = "RED"

	WindsTable["Lasher"] = {}
	WindsTable["Lasher"]["Case"] = "Case 4"
	WindsTable["Lasher"]["Need"] = "YES"
	WindsTable["Lasher"]["Color"] = "RED"

	WindsTable["Maerchyng"] = {}
	WindsTable["Maerchyng"]["Case"] = "Case 4"
	WindsTable["Maerchyng"]["Need"] = "YES"
	WindsTable["Maerchyng"]["Color"] = "RED"

	WindsTable["Marcon"] = {}
	WindsTable["Marcon"]["Case"] = "Case 4"
	WindsTable["Marcon"]["Need"] = "YES"
	WindsTable["Marcon"]["Color"] = "RED"

	WindsTable["Mashai"] = {}
	WindsTable["Mashai"]["Case"] = "Case 4"
	WindsTable["Mashai"]["Need"] = "YES"
	WindsTable["Mashai"]["Color"] = "RED"

	WindsTable["Methdemon"] = {}
	WindsTable["Methdemon"]["Case"] = "Case 4"
	WindsTable["Methdemon"]["Need"] = "YES"
	WindsTable["Methdemon"]["Color"] = "RED"

	WindsTable["Moons"] = {}
	WindsTable["Moons"]["Case"] = "Case 4"
	WindsTable["Moons"]["Need"] = "YES"
	WindsTable["Moons"]["Color"] = "RED"

	WindsTable["Obyron"] = {}
	WindsTable["Obyron"]["Case"] = "Case 4"
	WindsTable["Obyron"]["Need"] = "YES"
	WindsTable["Obyron"]["Color"] = "RED"

	WindsTable["OrcWarrior"] = {}
	WindsTable["OrcWarrior"]["Case"] = "Case 4"
	WindsTable["OrcWarrior"]["Need"] = "YES"
	WindsTable["OrcWarrior"]["Color"] = "RED"

	WindsTable["Paramore"] = {}
	WindsTable["Paramore"]["Case"] = "Case 4"
	WindsTable["Paramore"]["Need"] = "YES"
	WindsTable["Paramore"]["Color"] = "RED"

	WindsTable["Penthesilea"] = {}
	WindsTable["Penthesilea"]["Case"] = "Case 4"
	WindsTable["Penthesilea"]["Need"] = "YES"
	WindsTable["Penthesilea"]["Color"] = "RED"

	WindsTable["Pointless"] = {}
	WindsTable["Pointless"]["Case"] = "Case 4"
	WindsTable["Pointless"]["Need"] = "YES"
	WindsTable["Pointless"]["Color"] = "RED"

	WindsTable["Pudge"] = {}
	WindsTable["Pudge"]["Case"] = "Case 4"
	WindsTable["Pudge"]["Need"] = "YES"
	WindsTable["Pudge"]["Color"] = "RED"

	WindsTable["Rhuli"] = {}
	WindsTable["Rhuli"]["Case"] = "Case 4"
	WindsTable["Rhuli"]["Need"] = "YES"
	WindsTable["Rhuli"]["Color"] = "RED"

	WindsTable["Rumour"] = {}
	WindsTable["Rumour"]["Case"] = "Case 4"
	WindsTable["Rumour"]["Need"] = "YES"
	WindsTable["Rumour"]["Color"] = "RED"

	WindsTable["Sagen"] = {}
	WindsTable["Sagen"]["Case"] = "Case 4"
	WindsTable["Sagen"]["Need"] = "YES"
	WindsTable["Sagen"]["Color"] = "RED"

	WindsTable["Sirene"] = {}
	WindsTable["Sirene"]["Case"] = "Case 4"
	WindsTable["Sirene"]["Need"] = "YES"
	WindsTable["Sirene"]["Color"] = "RED"

	WindsTable["Skarren"] = {}
	WindsTable["Skarren"]["Case"] = "Case 4"
	WindsTable["Skarren"]["Need"] = "YES"
	WindsTable["Skarren"]["Color"] = "RED"

	WindsTable["Styliann"] = {}
	WindsTable["Styliann"]["Case"] = "Case 4"
	WindsTable["Styliann"]["Need"] = "YES"
	WindsTable["Styliann"]["Color"] = "RED"

	WindsTable["Sunset"] = {}
	WindsTable["Sunset"]["Case"] = "Case 4"
	WindsTable["Sunset"]["Need"] = "YES"
	WindsTable["Sunset"]["Color"] = "RED"

	WindsTable["Sylvain"] = {}
	WindsTable["Sylvain"]["Case"] = "Case 4"
	WindsTable["Sylvain"]["Need"] = "YES"
	WindsTable["Sylvain"]["Color"] = "RED"

	WindsTable["Tela"] = {}
	WindsTable["Tela"]["Case"] = "Case 4"
	WindsTable["Tela"]["Need"] = "YES"
	WindsTable["Tela"]["Color"] = "RED"

	WindsTable["Tenchi"] = {}
	WindsTable["Tenchi"]["Case"] = "Case 4"
	WindsTable["Tenchi"]["Need"] = "YES"
	WindsTable["Tenchi"]["Color"] = "RED"

	WindsTable["Teoyaomqui"] = {}
	WindsTable["Teoyaomqui"]["Case"] = "Case 4"
	WindsTable["Teoyaomqui"]["Need"] = "YES"
	WindsTable["Teoyaomqui"]["Color"] = "RED"

	WindsTable["Testasterone"] = {}
	WindsTable["Testasterone"]["Case"] = "Case 4"
	WindsTable["Testasterone"]["Need"] = "YES"
	WindsTable["Testasterone"]["Color"] = "RED"

	WindsTable["Timeghost"] = {}
	WindsTable["Timeghost"]["Case"] = "Case 4"
	WindsTable["Timeghost"]["Need"] = "YES"
	WindsTable["Timeghost"]["Color"] = "RED"

	WindsTable["Valkur"] = {}
	WindsTable["Valkur"]["Case"] = "Case 4"
	WindsTable["Valkur"]["Need"] = "YES"
	WindsTable["Valkur"]["Color"] = "RED"

	WindsTable["Velvet"] = {}
	WindsTable["Velvet"]["Case"] = "Case 4"
	WindsTable["Velvet"]["Need"] = "YES"
	WindsTable["Velvet"]["Color"] = "RED"

	WindsTable["Vesuvius"] = {}
	WindsTable["Vesuvius"]["Case"] = "Case 4"
	WindsTable["Vesuvius"]["Need"] = "YES"
	WindsTable["Vesuvius"]["Color"] = "RED"

	WindsTable["Vilgan"] = {}
	WindsTable["Vilgan"]["Case"] = "Case 4"
	WindsTable["Vilgan"]["Need"] = "YES"
	WindsTable["Vilgan"]["Color"] = "RED"

	WindsTable["Vitae"] = {}
	WindsTable["Vitae"]["Case"] = "Case 4"
	WindsTable["Vitae"]["Need"] = "YES"
	WindsTable["Vitae"]["Color"] = "RED"

	WindsTable["Xeno"] = {}
	WindsTable["Xeno"]["Case"] = "Case 4"
	WindsTable["Xeno"]["Need"] = "YES"
	WindsTable["Xeno"]["Color"] = "RED"

	WindsTable["Yandros"] = {}
	WindsTable["Yandros"]["Case"] = "Case 4"
	WindsTable["Yandros"]["Need"] = "YES"
	WindsTable["Yandros"]["Color"] = "RED"
end -- CreateWindsTable

function CheckWindsTimer(name, line, wc)
	world.EnableGroup ("WindsTimer", 1)
	SendNoEcho ("tell nothamil timer")

	if wc[1] == nil or wc[1] == "" then
	else
		repchan = wc[1]
	end
end -- CheckWindsTimer

function WindsTimerEnd()
	SendNoEcho (repchan .. " @DYou are free to run winds.")
	world.EnableGroup ("WindsTimer", 0)
end -- WindsTimerEnd

function WindsTimerLeft(name, line, wc)
	windshours = wc[1]
	windsminutes = wc[2]
	windsseconds = wc[3]
end -- WindsTimerLeft

function WindsTimerDisplay(name, line, wc)
	local hour = wc[1]
	local minute = wc[2]
	local day = wc[3]
	
	if tonumber(hour) > 12 then
		hour = 12 - tonumber(hour)
		AMPM = "PM"
	else
		AMPM = "AM"
	end
	
	hour = string.gsub (hour, "-", "")
	
	SendNoEcho (repchan .. " @DWinds Timer @R" .. windshours .. "@D:@R" .. windsminutes .. "@D:@R" .. windsseconds .. "@D. Your timer will be up on @R" .. day .. " @Dat @R" .. hour .. "@D:@R" .. minute .. " @D" .. AMPM .. ".@w")
	
	if repchan == "tracker" then
	else
		repchan = "tracker"
	end
	
	world.EnableGroup ("WindsTimer", 0)
end -- WindsTimerDisplay

function CaseFocus(name, line, wc)
	if wc[1] == nil or wc[1] == "" then
		ColourNote(err_colour, "", "ERROR Contact Tallimos")
	else
		casefocus = tonumber(wc[1])
		ColourNote(msg_colour, "", "Case Focus has been turned on and set to ", qty_colour, "", casefocus)
	end
	
	SaveState()
end -- CaseFocus

function CaseFocusToggle()
	ColourNote(msg_colour, "", "Case Focus has been turned off")
	casefocus = 5
	
	SaveState()
end -- CaseFocusToggle

function CaseFocusDisplay()
	if casefocus == 1 then
		ColourNote(msg_colour, "", "You are currently focusing on Case #1 - ", "yellow", "", "Collector Case")
	elseif casefocus == 2 then
		ColourNote(msg_colour, "", "You are currently focusing on Case #2 - ", "yellow", "", "Expansion Case")
	elseif casefocus == 3 then
		ColourNote(msg_colour, "", "You are currently focusing on Case #3 - ", "yellow", "", "Memorial & IMM Case")
	elseif casefocus == 4 then
		ColourNote(msg_colour, "", "You are currently focusing on Case #4 - ", "yellow", "", "Original & IMM Case")
	elseif casefocus == 5 then
		ColourNote(msg_colour, "", "You are currently not focusing on any case.")	
	end
	
	SaveState()
end -- CaseFocusDisplay

function twe_help()	
	local title = "Tallimos' Winds Extras v" .. PLUGIN_VERSION .. " Help"
	local title2 = noteline

	spacing = HelpSpacing(title, title2)
	
	ColourNote(help_colour, "", spacing, help_command_colour, "", title)
	ColourNote(help_colour, "", noteline)
	ColourNote(help_colour, "", "This plugin gives the user a nice way of keeping track of their cards. It will show the user if")
	ColourNote(help_colour, "", "they need the cards when they check the market. Also included are some commands that will help")
	ColourNote(help_colour, "", "with Winds epic runs.")
	ColourNote(help_colour, "", noteline)

	Note("")
	
	ColourNote(help_colour, "", "Card Management")
	ColourNote(help_colour, "", "---------------")
	
	ColourNote(help_command_colour, "", "checkwinds", help_colour, "", "  - command use to check the market for cards | command can be ", help_colour, "", "shortened to ", help_command_colour, "", "wcw")
	
	ColourNote(help_command_colour, "", "checkdeck #", help_colour, "", " - command use to check and see which winds card you have for that particular case")
	ColourNote(help_command_colour, "", "            	 ", help_colour, "", "command can be shortened to ", help_command_colour, "", "cdeck #", help_colour, "", " or ", help_command_colour, "", "wcd #")

	ColourNote(help_command_colour, "", "clearcase #", help_colour, "", " - command use to clear the checklist for that particular case command can be")
	ColourNote(help_command_colour, "", "           ", help_colour, "", "   shortened to ", help_command_colour, "", "wcc #")
	
	ColourNote(help_command_colour, "", "casefocus #", help_colour, "", " - command use to set a focus for for a particular case. If set you will only be")
	ColourNote(help_command_colour, "", "           ", help_colour, "", "   told which cards you need for that case when looking at market, auction and")
	ColourNote(help_command_colour, "", "           ", help_colour, "", "   inventory. command can be shortened to ", help_command_colour, "", "wcf #")
	ColourNote(help_command_colour, "", "           ", help_colour, "", " - use ", help_command_colour, "", "casefocus off", help_colour, "", " to turn off case focus")
	ColourNote(help_command_colour, "", "           ", help_colour, "", " - ", help_command_colour, "", "casefocus", help_colour, "", " on its own will show you the focused case")

	Note("")
	
	ColourNote(help_colour, "", "Epic Run Commands")
	ColourNote(help_colour, "", "-----------------")
	
	ColourNote(help_command_colour, "", "wto", help_colour, "", "   - command used to touch obelisk")
	ColourNote(help_command_colour, "", "caged", help_colour, "", " - command used in the trap rooms")
	ColourNote(help_command_colour, "", "wsf", help_colour, "", "   - command used to search floor")
	ColourNote(help_command_colour, "", "wcb", help_colour, "", "   - command used to clear books")
	ColourNote(help_command_colour, "", "wnh", help_colour, "", "   - command used to nod hynes")
	Note("")
	
	ColourNote(help_colour, "", "Other")
	ColourNote(help_colour, "", "-----")

	ColourNote(help_command_colour, "", "windstimer ", optional_colour, "", "<channel>", help_colour, "", " - displays how much time you have left on your winds run timer.")
	
	ColourNote(help_colour, "", noteline)
	Note("")
end	-- twe_help

function HelpSpacing(title, title2)
	local leng = tonumber(string.len(title))
	local leng2 = tonumber(string.len(title2))
	
	local spacing = 0
	local lendif = 0
	
	if leng > leng2 then
	else
		lendif = leng2 - leng
		lendif = lendif * 0.5
	end

	spacing = string.rep(" ", lendif)
	
	return spacing
end -- HelpSpacing

function OnPluginInstall()
	PLUGIN_VERSION  = GetPluginInfo(GetPluginID(), 19)
	PLUGIN_NAME   = GetPluginInfo(GetPluginID(), 1)

	GetSavedData()	
	
	ColourNote(msg_colour, "", "Thank you for installing ", qty_colour, "", "Tallimos' Winds Extras v" ..  PLUGIN_VERSION, msg_colour, "", ". Please see ", help_command_colour, "", "twe help", msg_colour, "", " for more information.")
	Note("")
	
	ColourNote(help_colour, "", "To get started all you have to do is start identifying your cases.")
	Note("")
	
	ColourNote(help_colour, "", "Still to be added - ", help_command_colour, "", "stuff for when you turn in a deck")	
	Note("")
end -- OnPluginInstall

function OnPluginEnable()
	GetSavedData()
end -- OnPluginEnable

function OnPluginSaveState()
	SetVariable ("WindsTable", "WindsTable = " .. serialize.save_simple (WindsTable))
	SetVariable ("casefocus", "casefocus = " .. serialize.save_simple (casefocus))
	SetVariable ("wepastfirstinstall", "true")
end -- OnPluginSaveState
	
function GetSavedData()
	if GetVariable ("wepastfirstinstall") == "true" then
		assert (loadstring (GetVariable ("WindsTable") or "")) ()
		assert (loadstring (GetVariable ("casefocus") or "")) ()
	else
		CreateWindsTable()
		casefocus = 5
	end

	SaveState()
end -- GetSavedData
]]>
</script> 
</muclient>